-- MySQL dump 10.13  Distrib 5.7.31, for Linux (x86_64)
--
-- Host: localhost    Database: ecommerce
-- ------------------------------------------------------
-- Server version	5.7.31-0ubuntu0.18.04.1

/*!40101 SET @OLD_CHARACTER_SET_CLIENT=@@CHARACTER_SET_CLIENT */;
/*!40101 SET @OLD_CHARACTER_SET_RESULTS=@@CHARACTER_SET_RESULTS */;
/*!40101 SET @OLD_COLLATION_CONNECTION=@@COLLATION_CONNECTION */;
/*!40101 SET NAMES utf8 */;
/*!40103 SET @OLD_TIME_ZONE=@@TIME_ZONE */;
/*!40103 SET TIME_ZONE='+00:00' */;
/*!40014 SET @OLD_UNIQUE_CHECKS=@@UNIQUE_CHECKS, UNIQUE_CHECKS=0 */;
/*!40014 SET @OLD_FOREIGN_KEY_CHECKS=@@FOREIGN_KEY_CHECKS, FOREIGN_KEY_CHECKS=0 */;
/*!40101 SET @OLD_SQL_MODE=@@SQL_MODE, SQL_MODE='NO_AUTO_VALUE_ON_ZERO' */;
/*!40111 SET @OLD_SQL_NOTES=@@SQL_NOTES, SQL_NOTES=0 */;

--
-- Table structure for table `failed_jobs`
--

DROP TABLE IF EXISTS `failed_jobs`;
/*!40101 SET @saved_cs_client     = @@character_set_client */;
/*!40101 SET character_set_client = utf8 */;
CREATE TABLE `failed_jobs` (
  `id` bigint(20) unsigned NOT NULL AUTO_INCREMENT,
  `connection` text COLLATE utf8mb4_unicode_ci NOT NULL,
  `queue` text COLLATE utf8mb4_unicode_ci NOT NULL,
  `payload` longtext COLLATE utf8mb4_unicode_ci NOT NULL,
  `exception` longtext COLLATE utf8mb4_unicode_ci NOT NULL,
  `failed_at` timestamp NOT NULL DEFAULT CURRENT_TIMESTAMP,
  PRIMARY KEY (`id`)
) ENGINE=InnoDB DEFAULT CHARSET=utf8mb4 COLLATE=utf8mb4_unicode_ci;
/*!40101 SET character_set_client = @saved_cs_client */;

--
-- Dumping data for table `failed_jobs`
--

LOCK TABLES `failed_jobs` WRITE;
/*!40000 ALTER TABLE `failed_jobs` DISABLE KEYS */;
/*!40000 ALTER TABLE `failed_jobs` ENABLE KEYS */;
UNLOCK TABLES;

--
-- Table structure for table `migrations`
--

DROP TABLE IF EXISTS `migrations`;
/*!40101 SET @saved_cs_client     = @@character_set_client */;
/*!40101 SET character_set_client = utf8 */;
CREATE TABLE `migrations` (
  `id` int(10) unsigned NOT NULL AUTO_INCREMENT,
  `migration` varchar(255) COLLATE utf8mb4_unicode_ci NOT NULL,
  `batch` int(11) NOT NULL,
  PRIMARY KEY (`id`)
) ENGINE=InnoDB AUTO_INCREMENT=10 DEFAULT CHARSET=utf8mb4 COLLATE=utf8mb4_unicode_ci;
/*!40101 SET character_set_client = @saved_cs_client */;

--
-- Dumping data for table `migrations`
--

LOCK TABLES `migrations` WRITE;
/*!40000 ALTER TABLE `migrations` DISABLE KEYS */;
INSERT INTO `migrations` VALUES (5,'2014_10_12_000000_create_users_table',1),(6,'2014_10_12_100000_create_password_resets_table',1),(7,'2019_08_19_000000_create_failed_jobs_table',1),(8,'2020_10_21_031530_create_products_table',1),(9,'2020_10_21_031755_create_reviews_table',1);
/*!40000 ALTER TABLE `migrations` ENABLE KEYS */;
UNLOCK TABLES;

--
-- Table structure for table `password_resets`
--

DROP TABLE IF EXISTS `password_resets`;
/*!40101 SET @saved_cs_client     = @@character_set_client */;
/*!40101 SET character_set_client = utf8 */;
CREATE TABLE `password_resets` (
  `email` varchar(255) COLLATE utf8mb4_unicode_ci NOT NULL,
  `token` varchar(255) COLLATE utf8mb4_unicode_ci NOT NULL,
  `created_at` timestamp NULL DEFAULT NULL,
  KEY `password_resets_email_index` (`email`)
) ENGINE=InnoDB DEFAULT CHARSET=utf8mb4 COLLATE=utf8mb4_unicode_ci;
/*!40101 SET character_set_client = @saved_cs_client */;

--
-- Dumping data for table `password_resets`
--

LOCK TABLES `password_resets` WRITE;
/*!40000 ALTER TABLE `password_resets` DISABLE KEYS */;
/*!40000 ALTER TABLE `password_resets` ENABLE KEYS */;
UNLOCK TABLES;

--
-- Table structure for table `products`
--

DROP TABLE IF EXISTS `products`;
/*!40101 SET @saved_cs_client     = @@character_set_client */;
/*!40101 SET character_set_client = utf8 */;
CREATE TABLE `products` (
  `id` int(10) unsigned NOT NULL AUTO_INCREMENT,
  `name` varchar(255) COLLATE utf8mb4_unicode_ci NOT NULL,
  `detail` text COLLATE utf8mb4_unicode_ci NOT NULL,
  `price` int(11) NOT NULL,
  `stock` int(11) NOT NULL,
  `discount` int(11) NOT NULL,
  `created_at` timestamp NULL DEFAULT NULL,
  `updated_at` timestamp NULL DEFAULT NULL,
  PRIMARY KEY (`id`)
) ENGINE=InnoDB AUTO_INCREMENT=101 DEFAULT CHARSET=utf8mb4 COLLATE=utf8mb4_unicode_ci;
/*!40101 SET character_set_client = @saved_cs_client */;

--
-- Dumping data for table `products`
--

LOCK TABLES `products` WRITE;
/*!40000 ALTER TABLE `products` DISABLE KEYS */;
INSERT INTO `products` VALUES (1,'nostrum','Necessitatibus ipsam ut laborum dolor soluta. Doloribus quis praesentium dolores rerum et. Eligendi excepturi nam et vel temporibus veritatis cumque quidem.',986,2,19,'2020-10-21 04:52:43','2020-10-21 04:52:43'),(2,'quas','Eius nulla aspernatur in voluptatem sunt est. In consequuntur laudantium minima et atque sed libero. Quas quis possimus quia rerum porro et facilis. Officia assumenda ab corrupti sequi veritatis velit nulla.',179,5,27,'2020-10-21 04:52:43','2020-10-21 04:52:43'),(3,'et','Quasi ut inventore nobis est fugit aut hic veritatis. Inventore voluptas facilis rerum sed occaecati magnam. Tempore commodi impedit molestiae. Sed architecto magnam et aut consectetur.',755,1,11,'2020-10-21 04:52:43','2020-10-21 04:52:43'),(4,'sed','Explicabo molestiae repudiandae inventore ratione doloribus suscipit ab officia. Animi quasi voluptas earum ut cupiditate. Aut dignissimos necessitatibus placeat ea qui. Nesciunt assumenda aut voluptas labore ab ex corporis.',323,4,4,'2020-10-21 04:52:43','2020-10-21 04:52:43'),(5,'est','Iste numquam a corporis rerum consequatur totam. Et qui rerum quia consequuntur inventore vel. Quia fuga quia voluptatem sed minima voluptatem. Vel et ut reiciendis.',713,2,16,'2020-10-21 04:52:43','2020-10-21 04:52:43'),(6,'iusto','Harum quasi qui placeat similique facere vero. Possimus dolor fugiat et nulla labore enim repudiandae.',232,8,28,'2020-10-21 04:52:43','2020-10-21 04:52:43'),(7,'voluptatibus','Officiis et rerum eum accusantium ipsa maxime optio. Ea maiores id perspiciatis officia aut rem blanditiis. Expedita amet magnam minima quis culpa commodi ut quasi. Voluptates quia qui inventore dolorem blanditiis.',538,3,29,'2020-10-21 04:52:43','2020-10-21 04:52:43'),(8,'dolor','Porro atque eius maxime ullam molestiae magni. Doloribus adipisci dolores culpa occaecati similique fugiat. Ab illo culpa id qui sint molestias. Voluptatem iste nesciunt distinctio ut.',747,2,11,'2020-10-21 04:52:43','2020-10-21 04:52:43'),(9,'officia','Rerum tenetur numquam dicta quasi rerum nisi est et. Nesciunt neque quis aperiam vitae omnis qui sed. Corporis asperiores hic dicta iusto non sapiente aut.',571,2,28,'2020-10-21 04:52:43','2020-10-21 04:52:43'),(10,'optio','Aut voluptate omnis ad distinctio. Sapiente fuga voluptatem eveniet quia culpa omnis. Eum consectetur quia sapiente magnam consectetur in voluptatum.',650,5,21,'2020-10-21 04:52:43','2020-10-21 04:52:43'),(11,'laborum','Occaecati alias qui fugit hic voluptate. Autem velit fuga enim sequi. Quas eveniet hic doloremque aut. Perspiciatis maxime voluptas nulla omnis earum ex.',298,4,27,'2020-10-21 04:52:43','2020-10-21 04:52:43'),(12,'quibusdam','Quas officia ad voluptas ipsa omnis consequatur. Qui assumenda repellat quibusdam. Repellat hic aliquid voluptatum quis.',970,0,26,'2020-10-21 04:52:43','2020-10-21 04:52:43'),(13,'hic','Officia fuga quis nam neque. Sint repellendus deserunt cumque fuga et. Quasi ea ipsum nemo est. Et quibusdam quia maiores sapiente sint.',525,7,6,'2020-10-21 04:52:43','2020-10-21 04:52:43'),(14,'magnam','Dolorum illo dignissimos dolor at. Aperiam dolorem eos praesentium est reiciendis ipsam aut. Labore qui ut ut ex.',694,7,13,'2020-10-21 04:52:43','2020-10-21 04:52:43'),(15,'eos','Id voluptatem dolore rerum non minus. Voluptas magnam ea laboriosam perferendis et est. Aut maxime numquam sed laborum quidem corrupti.',827,1,25,'2020-10-21 04:52:44','2020-10-21 04:52:44'),(16,'non','Aliquam consectetur aperiam optio laudantium earum ea. Ipsum reiciendis labore sit dolores maxime ea. Reiciendis mollitia cumque et sint. Nihil temporibus ipsa laborum.',745,8,13,'2020-10-21 04:52:44','2020-10-21 04:52:44'),(17,'assumenda','Cupiditate at nisi quidem nisi ullam. Assumenda non et ab dolores dolorem. Voluptatem architecto ut rerum fuga eveniet eum expedita.',763,5,3,'2020-10-21 04:52:44','2020-10-21 04:52:44'),(18,'quae','Illo eaque architecto quae quisquam fugiat suscipit. Cum molestias iste cum eligendi qui ut ullam. Ut cupiditate animi enim et id modi.',500,2,16,'2020-10-21 04:52:44','2020-10-21 04:52:44'),(19,'sed','Autem ex voluptas illum debitis. Facere dolores illum repudiandae et. Optio quo voluptatibus non id. Asperiores iste quisquam distinctio illo voluptate. Possimus dolore maxime placeat et.',828,7,29,'2020-10-21 04:52:44','2020-10-21 04:52:44'),(20,'et','Tempore dolorum totam ullam maxime quas officiis. Quaerat aut exercitationem quia qui perspiciatis aut eum et. Nobis fuga adipisci quasi consequuntur voluptatum dolores. In non fuga laborum natus nisi recusandae voluptate.',961,4,18,'2020-10-21 04:52:44','2020-10-21 04:52:44'),(21,'esse','Eum excepturi aut voluptas assumenda. Sunt et sed qui ut amet expedita natus. Laboriosam sit vitae sapiente aliquid et. Ullam repellat et sint iste.',172,0,21,'2020-10-21 04:52:44','2020-10-21 04:52:44'),(22,'et','Dolores voluptatem quis deserunt. Sequi culpa ut dolorum quasi nulla rerum ducimus. Voluptatum qui id deleniti modi dolor provident.',299,0,17,'2020-10-21 04:52:44','2020-10-21 04:52:44'),(23,'aliquid','Aut architecto cum et. Aut ipsum molestias velit et distinctio tempora nostrum. Ipsam expedita dolorem officiis in. Dolore ea qui nemo quia reprehenderit.',306,6,14,'2020-10-21 04:52:44','2020-10-21 04:52:44'),(24,'quisquam','Reiciendis dolor et perspiciatis sit rem officiis est. Voluptas adipisci qui est sunt consequatur quis nihil. Et rerum laboriosam dolorem voluptatem.',101,9,13,'2020-10-21 04:52:44','2020-10-21 04:52:44'),(25,'omnis','Quia molestiae quisquam delectus fugit et ipsum. At odio ab fugiat facere deleniti cupiditate. Consequatur velit repudiandae et voluptatem. Fuga nam perspiciatis officia sit expedita quia deserunt amet.',542,7,11,'2020-10-21 04:52:44','2020-10-21 04:52:44'),(26,'fuga','Recusandae enim amet voluptatem praesentium totam aut ut. Consequatur animi dolores harum quia. Occaecati fugit culpa excepturi quibusdam aspernatur nobis pariatur.',780,9,14,'2020-10-21 04:52:44','2020-10-21 04:52:44'),(27,'soluta','Error nemo repellat quas impedit nisi aspernatur. Vel et fugiat et molestiae. Temporibus quod sed aut rerum quam sint rerum necessitatibus. Et consectetur quisquam voluptatem qui qui.',333,9,20,'2020-10-21 04:52:44','2020-10-21 04:52:44'),(28,'quisquam','Reiciendis est deleniti explicabo dolorum assumenda. Doloribus repudiandae et autem reprehenderit aspernatur. Qui accusamus quis reprehenderit natus.',118,7,14,'2020-10-21 04:52:44','2020-10-21 04:52:44'),(29,'omnis','Quae et asperiores labore sit. Nam aperiam non et et debitis corrupti dolorum. Sed occaecati et sit. Vel molestias et pariatur veritatis atque suscipit.',726,0,4,'2020-10-21 04:52:44','2020-10-21 04:52:44'),(30,'error','Explicabo et quisquam beatae dolor autem provident. Neque perspiciatis quia a doloribus quis voluptatem rem. Libero nemo libero voluptate. Ut quis cum reprehenderit nihil quae vel qui perferendis.',180,2,6,'2020-10-21 04:52:45','2020-10-21 04:52:45'),(31,'corporis','Officia amet optio dolor ut possimus nostrum. Nemo animi rerum occaecati quasi et sit ut dolor. Beatae quia vel exercitationem accusamus et asperiores. Repellendus officiis et reprehenderit cupiditate cupiditate.',120,1,15,'2020-10-21 04:52:45','2020-10-21 04:52:45'),(32,'non','Rerum illo doloremque laborum accusantium ducimus. Eaque incidunt culpa odit sapiente ex qui eius sequi. Iste aspernatur fuga expedita quos voluptas voluptatem.',248,4,30,'2020-10-21 04:52:45','2020-10-21 04:52:45'),(33,'impedit','Earum qui quas ad. Sapiente saepe qui officia et. Sapiente aut eaque dolorem a. Omnis enim impedit et sapiente aut.',649,9,27,'2020-10-21 04:52:45','2020-10-21 04:52:45'),(34,'earum','Non tenetur nisi magnam id quibusdam officiis rem. Alias ipsum quaerat sit dolorem unde ipsa ipsam.',817,2,26,'2020-10-21 04:52:45','2020-10-21 04:52:45'),(35,'laboriosam','Libero et nemo commodi laboriosam et iusto. Tempora ut accusamus architecto eligendi eveniet. Libero harum consequatur odit rerum sed doloremque earum.',915,0,19,'2020-10-21 04:52:45','2020-10-21 04:52:45'),(36,'hic','Voluptates eaque velit sit earum magnam et repudiandae. Autem impedit nisi est eaque. Non illum et quos et occaecati facere. Voluptatum suscipit perferendis illum autem eos.',693,8,27,'2020-10-21 04:52:45','2020-10-21 04:52:45'),(37,'velit','Aut eveniet quas omnis qui voluptatum. Error fugit vitae quae rerum consequuntur nisi. Sint odit asperiores itaque sit animi cupiditate.',100,7,17,'2020-10-21 04:52:45','2020-10-21 04:52:45'),(38,'aut','Et laboriosam aut quam officiis ex consequuntur explicabo. Ut tempore nihil ipsum non natus. Non voluptatibus et odit.',252,5,10,'2020-10-21 04:52:45','2020-10-21 04:52:45'),(39,'nostrum','Itaque blanditiis qui et recusandae sed. Ducimus quia delectus quasi. Illo consequatur corrupti sint rerum molestiae et quo.',865,0,24,'2020-10-21 04:52:45','2020-10-21 04:52:45'),(40,'rerum','Enim rerum quisquam magni cupiditate. Et alias sequi eum adipisci veritatis odit iusto. Et neque et rerum. Sed incidunt facilis soluta atque nisi.',713,6,9,'2020-10-21 04:52:45','2020-10-21 04:52:45'),(41,'nisi','Autem recusandae quam ratione doloremque. Alias deleniti et saepe. Atque ad eos voluptatum porro. Id eum impedit quas architecto deserunt autem eius.',638,3,29,'2020-10-21 04:52:45','2020-10-21 04:52:45'),(42,'voluptatem','Rerum ea animi doloribus explicabo perspiciatis. Veritatis in itaque doloribus est veritatis voluptatem voluptate. Ullam voluptatem ipsa nemo doloribus fugiat.',325,2,14,'2020-10-21 04:52:45','2020-10-21 04:52:45'),(43,'commodi','Quis quo aut et ipsam. Occaecati eos laborum id similique accusantium dolorum. Unde quis quis repellendus deleniti quo animi consequatur quod.',188,7,4,'2020-10-21 04:52:45','2020-10-21 04:52:45'),(44,'voluptatem','Odio incidunt dolores autem repellat rerum quidem molestiae. Reiciendis ut et aliquam sed dicta illo voluptatibus. Hic blanditiis voluptatem enim incidunt autem provident.',144,8,16,'2020-10-21 04:52:46','2020-10-21 04:52:46'),(45,'praesentium','Veniam et aut voluptatum et similique tenetur ipsa delectus. Nulla excepturi consectetur sint ratione consectetur dolor id.',335,0,9,'2020-10-21 04:52:46','2020-10-21 04:52:46'),(46,'sunt','Adipisci aliquam explicabo eveniet eum accusamus animi dolores. Dignissimos error ad atque consequatur nisi voluptatem. Aut sint laborum fugiat et sint sed. Autem dolores eaque dolor dolorem laborum officiis fuga. Aut delectus temporibus animi.',664,2,19,'2020-10-21 04:52:46','2020-10-21 04:52:46'),(47,'commodi','Eligendi minima est commodi ut reprehenderit dolores atque est. Voluptatem nobis deleniti accusamus ullam. Ut aut et suscipit enim.',777,8,22,'2020-10-21 04:52:46','2020-10-21 04:52:46'),(48,'ducimus','Voluptas distinctio beatae sed eos. At numquam unde fugit ut quo dolores consequatur ut. Voluptatibus omnis velit aut commodi alias. Dicta ut nemo sint voluptas omnis minima nobis quisquam. Pariatur corrupti dolores vel qui.',837,6,26,'2020-10-21 04:52:46','2020-10-21 04:52:46'),(49,'aliquid','Ipsam harum sit fuga molestiae et. Eius deleniti sed voluptatem laudantium eos. Sit explicabo corporis ad doloribus labore praesentium consequuntur.',195,7,3,'2020-10-21 04:52:46','2020-10-21 04:52:46'),(50,'ipsam','Quis hic quos sit sit aut nesciunt. Unde tempora mollitia dolorem. Et voluptatum voluptas minus explicabo. Sunt sit et et excepturi autem. Rem non ipsam molestias ut atque impedit quod consequatur.',319,2,26,'2020-10-21 04:52:46','2020-10-21 04:52:46'),(51,'soluta','Quasi cupiditate quibusdam temporibus placeat dolorum quaerat. In fuga minus similique corporis aspernatur molestiae. Quam est fugiat iste ut voluptas. Ipsa explicabo sed occaecati id.',511,7,8,'2020-10-21 04:53:39','2020-10-21 04:53:39'),(52,'sit','Aliquam quia voluptas eveniet tempore. Eum culpa ipsa ratione sit. Omnis id vel qui accusantium aut et. Eaque vel consequuntur est eius eos aliquam fugit.',227,8,7,'2020-10-21 04:53:39','2020-10-21 04:53:39'),(53,'iure','Consequatur enim corrupti consequatur voluptatem aut. Sed aut pariatur explicabo non dignissimos.',391,5,26,'2020-10-21 04:53:39','2020-10-21 04:53:39'),(54,'aut','Et quas architecto accusantium magni iste maxime. A mollitia porro minima tempore saepe neque odit. Blanditiis enim qui laboriosam omnis quas doloremque et.',232,5,24,'2020-10-21 04:53:39','2020-10-21 04:53:39'),(55,'sit','Nobis qui dolorum dolorum minima mollitia deserunt. Quisquam quisquam deleniti dolorem repellat rerum cupiditate. Corrupti aut est et exercitationem a.',858,8,10,'2020-10-21 04:53:39','2020-10-21 04:53:39'),(56,'debitis','Similique nam nihil nesciunt magni. Rerum neque ab dignissimos fuga commodi consequatur sit hic. Hic et autem omnis. Culpa dolores voluptatem sit aspernatur.',590,9,5,'2020-10-21 04:53:39','2020-10-21 04:53:39'),(57,'dolorem','Neque deserunt commodi quod soluta et ipsum odio. Odio quia quasi eveniet voluptatem voluptatem numquam perspiciatis sint. Ipsam porro cumque corrupti autem qui.',304,2,17,'2020-10-21 04:53:39','2020-10-21 04:53:39'),(58,'voluptatum','Amet sit aliquid quia eligendi adipisci. Id earum rem quis saepe. Accusamus maiores asperiores pariatur sint. Repellat assumenda rerum dolorem a officia modi explicabo.',725,9,3,'2020-10-21 04:53:39','2020-10-21 04:53:39'),(59,'dolores','Est molestias odio veritatis qui. Harum consectetur deleniti illo dolores facilis cupiditate. Similique fugit sit fuga consectetur quae quia. Error deleniti harum animi rerum occaecati sed enim.',976,7,20,'2020-10-21 04:53:39','2020-10-21 04:53:39'),(60,'esse','Ea voluptas corrupti voluptatem officiis. Mollitia sit voluptate commodi officiis. Cupiditate excepturi qui eligendi natus aut quae.',124,7,9,'2020-10-21 04:53:39','2020-10-21 04:53:39'),(61,'tempore','Eum sunt aut corporis minima voluptas pariatur velit. Aspernatur eveniet autem ullam eos quisquam expedita. Animi incidunt vel modi autem omnis.',262,6,12,'2020-10-21 04:53:40','2020-10-21 04:53:40'),(62,'autem','Voluptates ut molestias doloremque laboriosam sunt eum dolorum itaque. Vero facere nihil aliquid voluptatem et illum accusantium. Quod omnis non modi reprehenderit dolor vel illo voluptatem.',358,2,22,'2020-10-21 04:53:40','2020-10-21 04:53:40'),(63,'sed','Velit et minima magni maiores esse enim ut. Ut consequatur totam reprehenderit qui.',614,6,13,'2020-10-21 04:53:40','2020-10-21 04:53:40'),(64,'temporibus','Dolorem sunt ex aperiam impedit dolorem consequatur voluptates saepe. Delectus iste est tempora facere. Asperiores quaerat cumque sed praesentium non rem dolorem. Vel quo suscipit eligendi.',327,7,28,'2020-10-21 04:53:40','2020-10-21 04:53:40'),(65,'quasi','Est nesciunt vel debitis deleniti consequatur sit quae alias. Voluptatem consequatur dolor possimus. Ex odit blanditiis non ea.',879,9,21,'2020-10-21 04:53:40','2020-10-21 04:53:40'),(66,'blanditiis','Quaerat blanditiis soluta quia porro totam. Adipisci maiores ut quisquam veritatis. Error molestiae rem modi est. Sequi asperiores totam iusto velit aut impedit aperiam corrupti.',612,7,15,'2020-10-21 04:53:42','2020-10-21 04:53:42'),(67,'illo','Ut architecto eveniet et minima nihil voluptatibus. Ad aut illo necessitatibus nobis impedit et. Voluptate in et quod modi esse perferendis maiores.',276,4,29,'2020-10-21 04:53:43','2020-10-21 04:53:43'),(68,'excepturi','Modi omnis et suscipit ut accusantium mollitia et. Omnis asperiores qui nobis eveniet. Consequatur ducimus libero aut iste quibusdam ut.',601,3,9,'2020-10-21 04:53:43','2020-10-21 04:53:43'),(69,'aut','Autem id reiciendis quo eos. Asperiores ut error ratione similique. Doloribus voluptates et fugiat assumenda quis officia facilis. Nobis quo placeat eos voluptas nemo voluptatem voluptatum.',626,8,18,'2020-10-21 04:53:43','2020-10-21 04:53:43'),(70,'autem','Ea ipsum rerum consequatur. Rerum ratione ex explicabo et nostrum est. Accusamus error vitae tempore enim cum dolores. Perferendis aspernatur voluptatum sed fugit dicta.',209,9,15,'2020-10-21 04:53:43','2020-10-21 04:53:43'),(71,'reiciendis','Quia eveniet perspiciatis rem. Provident qui debitis quia quisquam maiores sint exercitationem. Cupiditate tempora voluptas magnam sapiente. Voluptate voluptate optio voluptas voluptatem. Porro ea quia eos voluptatem voluptas.',248,8,10,'2020-10-21 04:53:43','2020-10-21 04:53:43'),(72,'laborum','Deserunt hic doloremque magni error inventore rerum. In facilis earum inventore vel explicabo.',168,7,10,'2020-10-21 04:53:43','2020-10-21 04:53:43'),(73,'quis','Dicta saepe facere vel atque quas. Facilis nemo veritatis magni harum et. Ea sit optio sequi commodi. Dignissimos consequuntur neque necessitatibus ducimus.',402,8,11,'2020-10-21 04:53:43','2020-10-21 04:53:43'),(74,'suscipit','Incidunt dolor nam qui illo quo aut quia. Sint assumenda magnam eos eum nam animi. Enim officia qui in quo quo.',852,6,11,'2020-10-21 04:53:44','2020-10-21 04:53:44'),(75,'reprehenderit','Recusandae ea eveniet sed quidem qui ratione. Nobis sit voluptas et. Voluptas ullam inventore porro tenetur quas voluptas qui. Aut occaecati beatae eligendi eveniet est recusandae nihil.',358,5,5,'2020-10-21 04:53:44','2020-10-21 04:53:44'),(76,'veniam','Cumque quis et voluptatum aut quaerat. Culpa rem in reiciendis sed deleniti. Ut quia est cumque odio. Soluta minima repudiandae omnis aliquam perferendis ut molestiae. Laboriosam atque sit qui qui illum.',115,5,2,'2020-10-21 04:53:44','2020-10-21 04:53:44'),(77,'facilis','Dolor ipsam est corporis perferendis. Repellat necessitatibus quia enim eius libero architecto aliquid. Eveniet et excepturi est omnis et.',375,6,12,'2020-10-21 04:53:44','2020-10-21 04:53:44'),(78,'ex','Harum assumenda et id. Inventore sunt omnis nisi accusantium eos et aperiam maxime. Aut impedit quam perferendis est sapiente et.',457,2,18,'2020-10-21 04:53:44','2020-10-21 04:53:44'),(79,'consequatur','Voluptatem veritatis numquam velit repellat rem sit accusamus. Delectus id fugiat a cupiditate tempora omnis.',517,2,28,'2020-10-21 04:53:44','2020-10-21 04:53:44'),(80,'dolor','Sed ullam occaecati esse. Fugit ut eaque et ab dolore rerum ipsum. Sint amet rerum sequi inventore. Et facilis quo repellat saepe ullam.',964,5,13,'2020-10-21 04:53:44','2020-10-21 04:53:44'),(81,'ab','Saepe qui quidem quisquam voluptatem nam iure. Illo quia molestiae ipsa beatae non ut. Omnis est est ipsa consectetur aut sunt. Quis quibusdam repellat ea ipsam similique dolorum odit.',266,9,2,'2020-10-21 04:53:44','2020-10-21 04:53:44'),(82,'deserunt','Soluta sed aut distinctio quo dolores. Id consequatur repellat voluptatum autem. Sunt omnis nesciunt tenetur reprehenderit.',791,8,9,'2020-10-21 04:53:44','2020-10-21 04:53:44'),(83,'nemo','Dicta quia qui qui ea quo. Quod repudiandae ab et illo excepturi. Odio dignissimos ipsum dolor voluptatem aliquam aut quia. Doloribus quis eum voluptatem inventore ut facilis.',152,6,29,'2020-10-21 04:53:44','2020-10-21 04:53:44'),(84,'sed','Dolor soluta quo aperiam debitis ipsam cupiditate. Aut a fugiat reiciendis repudiandae. Quas consequatur nihil et consequatur. Aspernatur nulla facilis impedit hic similique explicabo eum qui.',602,1,5,'2020-10-21 04:53:44','2020-10-21 04:53:44'),(85,'qui','Accusantium dolor molestiae sed quae aut porro error. Ducimus facilis consectetur totam reprehenderit exercitationem. Corrupti cumque omnis corrupti deleniti provident. Distinctio voluptas incidunt consequatur voluptatem dignissimos omnis architecto.',789,1,7,'2020-10-21 04:53:44','2020-10-21 04:53:44'),(86,'veniam','Ipsa ipsum rerum quo quod magni id. Non minima ut sint voluptatem qui quia blanditiis.',799,6,24,'2020-10-21 04:53:45','2020-10-21 04:53:45'),(87,'qui','Et perferendis et quas quaerat ad deleniti. Rerum debitis sequi iste molestias nostrum quia impedit. Iure laboriosam voluptatum quasi nemo voluptas corrupti.',597,6,22,'2020-10-21 04:53:45','2020-10-21 04:53:45'),(88,'quam','Eius qui aut voluptatum aut cum. Excepturi qui libero mollitia amet voluptatibus. Necessitatibus vitae tempora qui. Odio temporibus soluta ab ipsam blanditiis dignissimos.',279,7,26,'2020-10-21 04:53:45','2020-10-21 04:53:45'),(89,'et','Et voluptas quo quasi aperiam. Distinctio est et recusandae molestiae qui ut et. Ut exercitationem aut tenetur est iure et.',823,5,13,'2020-10-21 04:53:45','2020-10-21 04:53:45'),(90,'enim','Rem nesciunt ipsam in consequatur alias odio. Quia non facere eaque laboriosam est sit nostrum. Sed rerum ut nobis laudantium saepe tempora soluta. In dolorem adipisci qui voluptatum fuga quaerat.',367,0,8,'2020-10-21 04:53:45','2020-10-21 04:53:45'),(91,'aut','Cumque a non qui id. Aperiam cum quia quis ipsum perferendis at assumenda. Pariatur veniam perferendis excepturi velit at et. Fugiat eos fuga modi.',485,9,18,'2020-10-21 04:53:45','2020-10-21 04:53:45'),(92,'corrupti','Nesciunt molestias quia et doloremque officia adipisci. Natus rem porro sit tempore nemo et suscipit. Reprehenderit voluptatem natus maxime id aspernatur sed.',798,5,30,'2020-10-21 04:53:45','2020-10-21 04:53:45'),(93,'pariatur','Sit in quae quisquam quidem aperiam. Libero et tempora ea quibusdam tempore. Dolore voluptas nisi quia sint. Et in perspiciatis molestias laborum deleniti odio. Beatae molestiae exercitationem aliquid dolorum.',636,4,10,'2020-10-21 04:53:45','2020-10-21 04:53:45'),(94,'molestias','Dolores accusantium dolorem dolor rerum eum aut. Sed dolor laborum voluptas alias. Quibusdam in aut mollitia omnis. Facilis reprehenderit quasi aspernatur sit et consequatur iusto iure.',126,9,24,'2020-10-21 04:53:45','2020-10-21 04:53:45'),(95,'architecto','Neque doloribus dolore consequuntur et eum. Commodi et magni illo porro facilis. Quam doloribus et sit et aut. Blanditiis aut deserunt tempore ut fuga minima eum deleniti.',771,1,15,'2020-10-21 04:53:45','2020-10-21 04:53:45'),(96,'nihil','Non sit molestiae illum enim debitis laudantium ut. Odio qui magnam et vel. Quis dolorem qui eveniet voluptatem aliquam. Mollitia odio soluta quis consequatur quia praesentium labore.',186,7,28,'2020-10-21 04:53:45','2020-10-21 04:53:45'),(97,'consectetur','Distinctio qui tenetur at expedita quidem quod. Natus quisquam asperiores dolorem harum quia. Est corporis et est commodi. Quis velit ipsam tenetur ipsam unde alias et aspernatur.',849,2,24,'2020-10-21 04:53:45','2020-10-21 04:53:45'),(98,'earum','Et ratione rerum earum eos nulla magnam animi. Et voluptatum sed amet sed libero dolorem. Explicabo esse vel veniam quia eius veritatis sed fugiat. Commodi et necessitatibus culpa distinctio autem.',911,7,29,'2020-10-21 04:53:46','2020-10-21 04:53:46'),(99,'aut','Sed odio qui recusandae eaque perspiciatis tempore. Inventore autem et vel aut molestiae tempora.',709,0,22,'2020-10-21 04:53:46','2020-10-21 04:53:46'),(100,'assumenda','Facilis eveniet architecto et vel dolorum. Itaque sed quo repudiandae odio quibusdam. Voluptates a unde velit et unde blanditiis.',251,6,21,'2020-10-21 04:53:46','2020-10-21 04:53:46');
/*!40000 ALTER TABLE `products` ENABLE KEYS */;
UNLOCK TABLES;

--
-- Table structure for table `reviews`
--

DROP TABLE IF EXISTS `reviews`;
/*!40101 SET @saved_cs_client     = @@character_set_client */;
/*!40101 SET character_set_client = utf8 */;
CREATE TABLE `reviews` (
  `id` int(10) unsigned NOT NULL AUTO_INCREMENT,
  `product_id` int(10) unsigned NOT NULL,
  `customer` varchar(255) COLLATE utf8mb4_unicode_ci NOT NULL,
  `review` text COLLATE utf8mb4_unicode_ci NOT NULL,
  `star` int(11) NOT NULL,
  `created_at` timestamp NULL DEFAULT NULL,
  `updated_at` timestamp NULL DEFAULT NULL,
  PRIMARY KEY (`id`),
  KEY `reviews_product_id_index` (`product_id`),
  CONSTRAINT `reviews_product_id_foreign` FOREIGN KEY (`product_id`) REFERENCES `products` (`id`) ON DELETE CASCADE
) ENGINE=InnoDB AUTO_INCREMENT=301 DEFAULT CHARSET=utf8mb4 COLLATE=utf8mb4_unicode_ci;
/*!40101 SET character_set_client = @saved_cs_client */;

--
-- Dumping data for table `reviews`
--

LOCK TABLES `reviews` WRITE;
/*!40000 ALTER TABLE `reviews` DISABLE KEYS */;
INSERT INTO `reviews` VALUES (1,5,'Prof. Savion Trantow','Quis reprehenderit omnis tempora. Est minus adipisci sint molestias. Veritatis nam blanditiis iusto. Et consequatur dolor quae beatae qui. Eaque fugiat laudantium assumenda voluptatem possimus unde nisi.',4,'2020-10-21 04:53:48','2020-10-21 04:53:48'),(2,48,'Clint Romaguera','Officia debitis quod numquam est voluptates. Explicabo dolor saepe atque facere autem eum. Eos provident quis reiciendis quaerat. Porro culpa adipisci harum et odit.',5,'2020-10-21 04:53:48','2020-10-21 04:53:48'),(3,61,'Lourdes Morissette IV','Aspernatur voluptas sint aut cupiditate molestiae quis quibusdam. Ea aut ut et nisi ipsum consequatur sunt. At assumenda provident aperiam labore assumenda.',2,'2020-10-21 04:53:48','2020-10-21 04:53:48'),(4,21,'Mr. Kurtis Hackett','Ut voluptatem nesciunt omnis et quia ea labore. Consequuntur inventore eum rerum qui architecto omnis.',0,'2020-10-21 04:53:48','2020-10-21 04:53:48'),(5,88,'Domenick Botsford','Culpa rem animi est commodi blanditiis distinctio fugiat. Beatae et recusandae totam et blanditiis eaque ea aut. Ex consectetur laudantium vel quidem expedita et aut minus. Consequuntur sed cumque voluptatem voluptas.',3,'2020-10-21 04:53:48','2020-10-21 04:53:48'),(6,3,'Alice Heller','Hic aut et totam fuga ut quis nulla et. Non inventore soluta sed facere. Et quas corrupti eligendi quia quo quasi magni. Aut qui inventore quibusdam.',0,'2020-10-21 04:53:48','2020-10-21 04:53:48'),(7,44,'Delia Luettgen','Et fugiat qui cum eaque. Quae repudiandae eos et. Quis animi modi sed voluptatem nemo.',1,'2020-10-21 04:53:48','2020-10-21 04:53:48'),(8,67,'Dr. Reynold Emard V','Ut est totam voluptas nemo quae rerum. Non consequatur sunt et non nemo.',5,'2020-10-21 04:53:48','2020-10-21 04:53:48'),(9,90,'Nannie Bechtelar IV','Nemo amet sunt nam magni corporis qui placeat. Sit tenetur quisquam quis id.',2,'2020-10-21 04:53:48','2020-10-21 04:53:48'),(10,8,'Austin Windler II','Consequuntur quae architecto et quidem. Et vitae soluta facere suscipit earum non dolores. Officiis similique provident officiis optio et.',0,'2020-10-21 04:53:48','2020-10-21 04:53:48'),(11,12,'Prof. Berta Brakus II','Autem eum dolor qui est eos dolor voluptatem ad. Ab molestiae aliquam occaecati. Sint perspiciatis nostrum cum id. Aliquam et occaecati cumque voluptatem.',1,'2020-10-21 04:53:48','2020-10-21 04:53:48'),(12,15,'Maximus Hamill','Dolorem vero corrupti libero blanditiis aliquid. Libero perspiciatis soluta minima dolor non qui. Sint ipsum neque expedita maxime sed perferendis.',4,'2020-10-21 04:53:48','2020-10-21 04:53:48'),(13,24,'Linnea Cole','Incidunt aut nostrum enim ad autem. Quod reprehenderit quibusdam voluptas blanditiis iusto aut consequatur. Id placeat sit alias earum vero accusantium omnis.',3,'2020-10-21 04:53:48','2020-10-21 04:53:48'),(14,97,'Richie Legros','Sed quasi deserunt alias est quidem. Minus possimus non veniam. Voluptas laudantium nisi harum dicta perspiciatis commodi quo. Et voluptates molestiae voluptatem vero tenetur. Accusamus consectetur vel rerum dolorum quo iste.',0,'2020-10-21 04:53:49','2020-10-21 04:53:49'),(15,99,'Kody Block','Vel occaecati magni dolores inventore. Quasi magnam alias et possimus cupiditate voluptatem eum. Ea distinctio molestias necessitatibus voluptatibus. Possimus dolor recusandae quidem in. Iure qui et accusamus beatae sed.',4,'2020-10-21 04:53:49','2020-10-21 04:53:49'),(16,71,'Pasquale McCullough V','Qui tempora vel similique. Corrupti sint ut nesciunt et deserunt unde officia voluptatem.',5,'2020-10-21 04:53:49','2020-10-21 04:53:49'),(17,35,'Alexandrea Wisoky','Incidunt doloremque consequatur perferendis. Iure laudantium ut optio. Aliquam quia dolorem placeat possimus nam.',0,'2020-10-21 04:53:49','2020-10-21 04:53:49'),(18,52,'Joe Leffler','At porro nostrum iste quo. Suscipit voluptatem nostrum temporibus cupiditate suscipit aut deleniti. Veniam natus excepturi ut numquam sit nemo. Architecto sint vero delectus voluptatem possimus.',5,'2020-10-21 04:53:49','2020-10-21 04:53:49'),(19,3,'Chaim Schuppe','Voluptates deleniti velit facere iusto maxime qui. Similique hic consequatur occaecati accusamus quod. Nihil aut asperiores eveniet fuga saepe. Velit quidem ut iure dolorem ab.',1,'2020-10-21 04:53:49','2020-10-21 04:53:49'),(20,4,'Chauncey Gislason','Rem officiis deleniti ipsam est et. Officiis et et ut nostrum totam maiores atque. Eligendi non inventore aut cumque.',1,'2020-10-21 04:53:49','2020-10-21 04:53:49'),(21,73,'Violette Hermann V','Dolorem voluptatem voluptatem modi nam commodi quaerat. Molestias molestias pariatur voluptatem debitis.',1,'2020-10-21 04:53:49','2020-10-21 04:53:49'),(22,78,'Mr. Marques Mante','Aut quae sed commodi et non iure occaecati. Suscipit reiciendis doloribus suscipit magni nisi ea. Maxime iusto velit velit fugit odit minima.',5,'2020-10-21 04:53:49','2020-10-21 04:53:49'),(23,82,'Mr. Micah Stanton Sr.','Delectus temporibus est est quia assumenda voluptatem ad. Distinctio reprehenderit non veritatis beatae. Quo molestiae impedit quisquam qui ratione.',5,'2020-10-21 04:53:49','2020-10-21 04:53:49'),(24,94,'Alayna Boyer V','Quos dolores quia dolores modi aut libero ducimus necessitatibus. Est mollitia facere est quo iste omnis. Nulla dolores earum aliquid iure illo. Eum laborum consequatur laudantium eveniet esse. Laudantium deserunt quos eius.',1,'2020-10-21 04:53:49','2020-10-21 04:53:49'),(25,80,'Frieda Schoen','Voluptate soluta sunt quia aliquid asperiores sapiente vero. Non deserunt aspernatur eos quibusdam ea itaque eum. Natus consequatur veritatis est non aut.',0,'2020-10-21 04:53:49','2020-10-21 04:53:49'),(26,76,'Prof. Carmela Jacobson II','Ipsum qui in deleniti quia temporibus enim ad. Magnam explicabo reprehenderit possimus consequatur totam aliquam. Veritatis dolor est voluptatum enim officia. Adipisci et minima soluta.',0,'2020-10-21 04:53:50','2020-10-21 04:53:50'),(27,74,'Alejandrin Greenholt','Quia odit non qui sequi et dolor. Commodi sit laboriosam laudantium vitae. Et corrupti possimus excepturi natus ipsum. Facilis qui omnis ea voluptate possimus nemo.',4,'2020-10-21 04:53:50','2020-10-21 04:53:50'),(28,15,'Mrs. Violette Turcotte','Mollitia quis aut quisquam maxime nulla atque. Rerum harum commodi officiis blanditiis. Voluptas soluta cumque et eum.',3,'2020-10-21 04:53:50','2020-10-21 04:53:50'),(29,96,'Myriam Considine','Dicta vel est qui similique. Excepturi rem nostrum labore voluptas voluptatem consequatur. Delectus velit magni aut ut voluptatem et numquam. Quisquam officiis sit porro tempore quia omnis quis aliquam.',3,'2020-10-21 04:53:50','2020-10-21 04:53:50'),(30,74,'Tania Koss DVM','Asperiores blanditiis eum maxime ipsam quam et dolores voluptatem. Nobis itaque dolore suscipit eum quisquam officia. Eius quis vero ipsa eligendi quia aut. Pariatur amet quos magnam voluptatem.',0,'2020-10-21 04:53:50','2020-10-21 04:53:50'),(31,6,'Dr. Jarret Sauer','Nesciunt a eum tempora quia eius officia ex. Sunt necessitatibus animi dolorem alias. Dolor laboriosam nihil aut reprehenderit.',5,'2020-10-21 04:53:50','2020-10-21 04:53:50'),(32,99,'Eliza Smitham','Enim qui et nisi ex repellendus nemo consequuntur. Inventore et voluptates incidunt iure cupiditate. Repellendus ipsum officia aut inventore.',0,'2020-10-21 04:53:50','2020-10-21 04:53:50'),(33,74,'Miss Lisette Lynch DDS','Quia totam ab perferendis libero rem quia consectetur. Officiis tempora deserunt accusamus non in suscipit. Rerum ipsa maiores repellendus laboriosam. Porro sint qui et consequatur quod sapiente maiores.',5,'2020-10-21 04:53:50','2020-10-21 04:53:50'),(34,73,'Danielle Von','Consequatur sit iusto totam numquam cumque dignissimos dignissimos magni. Dignissimos itaque consequatur consequatur voluptates et non dolores modi. Quod est autem dolores natus officiis eum.',2,'2020-10-21 04:53:50','2020-10-21 04:53:50'),(35,3,'Natasha Christiansen','Non minima sit et et fuga. Aut accusantium totam odio in. Itaque ut est tenetur esse sit animi aut.',5,'2020-10-21 04:53:50','2020-10-21 04:53:50'),(36,100,'Jerrod Ziemann','Nemo qui similique eveniet molestias beatae eligendi. Dolore dolor recusandae iusto. Illo quas rem rem tempore. Omnis doloribus eaque expedita.',2,'2020-10-21 04:53:50','2020-10-21 04:53:50'),(37,54,'Fannie O\'Keefe V','Rem quia laborum modi corrupti voluptate. Et quos quam ipsam quae. Iusto veritatis eaque quidem quia culpa quia necessitatibus. Tempora autem magni ratione quaerat.',3,'2020-10-21 04:53:50','2020-10-21 04:53:50'),(38,8,'Judd Farrell DDS','Nobis illo laudantium et dolorem. Velit ut amet voluptatibus. Iste ea est qui laudantium error modi tempora. Deleniti vel sed accusamus corporis.',4,'2020-10-21 04:53:51','2020-10-21 04:53:51'),(39,22,'Jewell Wuckert','Rem voluptas ducimus ea voluptas voluptatem. Quia voluptas reiciendis tempora omnis velit quis. Repudiandae aut necessitatibus saepe vero dignissimos ex ut dolores. Et veniam eligendi magnam reprehenderit molestias facere rerum et.',2,'2020-10-21 04:53:51','2020-10-21 04:53:51'),(40,35,'Francisca Schmitt','Soluta omnis illum eum aut assumenda quo. Cupiditate assumenda architecto velit. Doloribus exercitationem illo ratione in expedita.',3,'2020-10-21 04:53:51','2020-10-21 04:53:51'),(41,90,'Marianna Ratke','Sit dolorem suscipit ut qui quod aut. Odit earum amet veritatis sequi neque soluta. Beatae sed expedita quo enim natus necessitatibus.',3,'2020-10-21 04:53:51','2020-10-21 04:53:51'),(42,80,'Mrs. Catalina Cole','Natus non sapiente aut sit odio. Sunt corporis est qui consequuntur perferendis quidem. Veniam quia voluptatem aut deserunt rerum ipsa.',4,'2020-10-21 04:53:51','2020-10-21 04:53:51'),(43,97,'Chadrick Pollich','Ipsum ea et eum hic quo. Et corrupti porro cumque autem hic minus. Quibusdam sit impedit et tenetur quas et accusamus. Nesciunt commodi laborum odit ut occaecati aliquid.',0,'2020-10-21 04:53:51','2020-10-21 04:53:51'),(44,66,'Levi Krajcik','Sit ut soluta vel omnis. Sit aspernatur omnis ut id eum odio. Saepe harum non hic amet ea iure modi. Eius non enim aliquam officia rerum sed.',3,'2020-10-21 04:53:51','2020-10-21 04:53:51'),(45,99,'Mr. Ansel Medhurst','Sit temporibus accusantium ratione non dicta eius. Id molestiae est eveniet odit at architecto expedita velit. Aut voluptatem omnis voluptas aliquam similique quis numquam. Praesentium quia quibusdam a quis suscipit quis et.',5,'2020-10-21 04:53:51','2020-10-21 04:53:51'),(46,63,'Arvilla Rogahn','Quaerat tempore sit et explicabo. Ipsa earum minus eaque numquam recusandae. Voluptatibus enim omnis eaque ea quis dolores modi et. Consectetur hic et similique tenetur est.',2,'2020-10-21 04:53:51','2020-10-21 04:53:51'),(47,55,'Devante Predovic I','Tempore aut ut sunt molestias et. Dolor ut tempora rerum ad qui sit est. Sunt doloremque ut occaecati fugiat ad. Fugit quisquam assumenda sit id.',4,'2020-10-21 04:53:51','2020-10-21 04:53:51'),(48,73,'Ervin Schneider','Tenetur dicta aut ratione occaecati. Quos eos sunt accusamus doloremque et quisquam aliquid repellendus. Commodi nulla aspernatur et ex sint ut laborum illum.',5,'2020-10-21 04:53:51','2020-10-21 04:53:51'),(49,74,'Dr. Dudley Buckridge','Esse dolorem non autem enim quia sed. Ut illum deleniti quo deserunt neque odio totam voluptatum. Debitis in itaque dolores nobis accusantium. Vitae dolorem nihil non quia laborum commodi.',0,'2020-10-21 04:53:51','2020-10-21 04:53:51'),(50,3,'Modesto Wyman DDS','Dicta delectus delectus id sunt a animi. Minima temporibus cupiditate rem est. Animi aut incidunt est ut quos qui voluptatem iste. Officia eum dolore id impedit illum earum consequatur. Cupiditate blanditiis totam rem at vel.',2,'2020-10-21 04:53:52','2020-10-21 04:53:52'),(51,93,'Dr. Makenna Gislason','Est consequatur quia dolore in culpa excepturi. Numquam nostrum labore laboriosam ipsum aliquam velit nisi. Sit unde sint voluptates dolores quod. Doloremque molestias nam veritatis.',5,'2020-10-21 04:53:52','2020-10-21 04:53:52'),(52,50,'Korbin Adams','Autem rerum dolore quis aliquam maxime ipsum ipsam. Molestiae consectetur exercitationem deleniti facere. Quia eos similique consequuntur quae. Pariatur non ut quidem et aut ut voluptatibus.',4,'2020-10-21 04:53:52','2020-10-21 04:53:52'),(53,21,'Prof. Lavonne Marks','Reprehenderit a natus iusto ab mollitia perferendis mollitia et. Quia quibusdam eaque cumque aperiam modi tempore nostrum tempora. Nostrum dolorem sint voluptates. Accusantium non architecto alias voluptatem voluptatem earum.',4,'2020-10-21 04:53:52','2020-10-21 04:53:52'),(54,50,'Hudson Osinski III','Incidunt voluptatibus voluptate facere voluptatem molestiae nihil. Iusto vel nemo voluptas maiores. Et sint ratione repudiandae numquam et qui ex.',4,'2020-10-21 04:53:52','2020-10-21 04:53:52'),(55,77,'Miss Loraine Casper','Vero repellat voluptas consequatur sunt laborum. Aut pariatur culpa totam inventore eos eveniet. Explicabo aut est qui dolore. Quod amet dicta nam aut non veritatis. Et blanditiis labore molestiae.',3,'2020-10-21 04:53:52','2020-10-21 04:53:52'),(56,73,'Miss Tiffany Weimann','Sunt omnis reiciendis ea ut et repellat. Quaerat maiores blanditiis omnis. Dolorem pariatur itaque voluptate consectetur distinctio quia dolorem tenetur. Dolorem aliquid voluptatem enim ducimus.',3,'2020-10-21 04:53:52','2020-10-21 04:53:52'),(57,41,'Hester Bergstrom Sr.','Facere sint dolorem nulla est commodi. At commodi saepe quasi et fugit quia magnam natus. Dolores maxime molestias ipsam pariatur ea perferendis. Ut ea fugiat consectetur voluptate adipisci.',4,'2020-10-21 04:53:52','2020-10-21 04:53:52'),(58,58,'Minnie Willms','Est temporibus animi rem eaque dolor velit provident. Iure aliquam perferendis laborum nihil qui eos velit fugit. Molestiae veritatis ipsa ipsam quisquam sit.',0,'2020-10-21 04:53:52','2020-10-21 04:53:52'),(59,87,'Mrs. Natasha Batz','Laudantium pariatur tempora maiores dignissimos et qui in mollitia. Quo aperiam accusantium maxime est. Quo earum provident voluptatem dolor delectus est vitae. Amet quod consequatur ut omnis laudantium. Alias repellat numquam molestiae eos et non in.',0,'2020-10-21 04:53:52','2020-10-21 04:53:52'),(60,68,'Hyman Mann I','Eius et maxime expedita necessitatibus cumque non. Accusamus placeat dolore officia. Suscipit repellat ut voluptatem id earum.',1,'2020-10-21 04:53:52','2020-10-21 04:53:52'),(61,1,'Miss Cecelia Zulauf','Alias qui eligendi exercitationem nostrum. Sed voluptate magnam et consequuntur. Ipsam laborum sint non maxime perspiciatis vitae optio.',5,'2020-10-21 04:53:52','2020-10-21 04:53:52'),(62,18,'Bailee Lesch','Ab error deleniti quia deserunt et nam. Eligendi quo soluta sit eum illum odit magnam nulla. Accusantium tempora et et.',0,'2020-10-21 04:53:53','2020-10-21 04:53:53'),(63,72,'Curt Thiel','Voluptas quae dolorem aut. Deserunt suscipit placeat dicta. Quia quidem nihil consequatur eius facere qui. Et hic et neque quia. Eveniet sint placeat nisi inventore rerum.',1,'2020-10-21 04:53:53','2020-10-21 04:53:53'),(64,62,'Mortimer Runolfsson','Totam voluptate impedit dolor sunt repellat sed aliquid odit. Nisi voluptas labore reiciendis dolores. Repellendus cupiditate repellendus omnis delectus nulla ducimus doloremque. Nesciunt aliquam voluptas ut incidunt culpa provident omnis similique. Vel deleniti rerum iure velit quae.',3,'2020-10-21 04:53:53','2020-10-21 04:53:53'),(65,3,'Katlyn Friesen','Tempore assumenda assumenda vel officiis. Explicabo tempora aut ex quidem aliquam a. Molestiae perferendis omnis et dolorum modi ipsa veniam.',1,'2020-10-21 04:53:53','2020-10-21 04:53:53'),(66,63,'Lia Sipes','Sit laboriosam quod voluptates assumenda. Sed nulla accusantium quia quae. Sequi dolorem eum quas molestias eius tenetur.',3,'2020-10-21 04:53:53','2020-10-21 04:53:53'),(67,28,'Rosanna Littel Sr.','Laborum ut dolor ut explicabo quia corrupti. Sunt consequatur sit et voluptate. Sunt deserunt nemo quia provident. Quia iste dolorem odit voluptatem adipisci.',5,'2020-10-21 04:53:53','2020-10-21 04:53:53'),(68,29,'Jacinthe Gerlach','Quod nostrum id sit occaecati dolorem mollitia. Quia doloremque soluta voluptas necessitatibus libero voluptatibus. Ex eos temporibus soluta.',5,'2020-10-21 04:53:53','2020-10-21 04:53:53'),(69,18,'Jessyca Armstrong','Aut a qui aliquid voluptatem velit. Debitis id omnis nisi inventore quam est. Eos adipisci sed reprehenderit voluptatibus molestiae nam cum.',4,'2020-10-21 04:53:53','2020-10-21 04:53:53'),(70,11,'Jeffrey Denesik','Sit et est omnis aperiam et expedita dicta. Illo nisi tempore voluptas est error et aut. Dolores consequatur consequatur asperiores quis et quae asperiores. Repellendus beatae voluptatibus illum qui sequi est.',3,'2020-10-21 04:53:53','2020-10-21 04:53:53'),(71,91,'Felipe Herzog','Repudiandae et possimus quas ullam inventore. Unde fuga omnis iusto repudiandae quo. Et id aspernatur doloremque pariatur eius dolores.',5,'2020-10-21 04:53:53','2020-10-21 04:53:53'),(72,44,'Domenick Bruen PhD','Recusandae in dolore eos necessitatibus. Harum non sapiente odio temporibus soluta omnis est distinctio. Quo asperiores ex voluptas facilis.',1,'2020-10-21 04:53:53','2020-10-21 04:53:53'),(73,82,'Zakary Roberts V','Accusamus velit dicta commodi nihil molestias. Aut sed officiis provident quod eum. Qui atque veritatis voluptate porro cum cupiditate. Temporibus illum natus dolor similique doloribus reiciendis.',2,'2020-10-21 04:53:54','2020-10-21 04:53:54'),(74,88,'Marcelo Borer II','Porro repellendus nemo deleniti eum nostrum facilis. Vel aut aut autem cum saepe. Qui quia non libero sit cum consectetur. Blanditiis ad pariatur nihil.',5,'2020-10-21 04:53:54','2020-10-21 04:53:54'),(75,43,'Miss Joanie Spinka','Praesentium voluptatibus vel blanditiis sint. In reiciendis totam blanditiis voluptatem ex occaecati magni commodi. Quaerat omnis ut deserunt. Cumque id eaque quia officiis.',3,'2020-10-21 04:53:54','2020-10-21 04:53:54'),(76,6,'Marjolaine Robel','Eaque alias velit eum ratione et error. Perspiciatis est doloremque sequi perferendis. Nobis quo voluptate ullam in. Reprehenderit aspernatur repellendus deleniti quaerat.',2,'2020-10-21 04:53:54','2020-10-21 04:53:54'),(77,91,'Mrs. Rhea Macejkovic','Ad delectus ratione ullam accusamus. Vel quisquam ratione debitis voluptas aut sed. Eos distinctio illum ut animi sit doloribus iure minima. Numquam quo atque cumque.',4,'2020-10-21 04:53:54','2020-10-21 04:53:54'),(78,10,'Claire Mraz','Sed placeat repellendus ut sed numquam maiores cumque sed. Ab harum qui non perspiciatis. Nesciunt nostrum omnis labore sint eaque dolores alias. Qui asperiores eaque ipsa facere doloribus.',4,'2020-10-21 04:53:54','2020-10-21 04:53:54'),(79,100,'Eliseo Beier','Cum corporis voluptatem sed cumque dolor totam. Veritatis eos voluptas laboriosam sunt. Rerum aut consequatur est aut voluptas. Ut dicta ex illo quia quae et ut.',2,'2020-10-21 04:53:54','2020-10-21 04:53:54'),(80,18,'Mrs. Genoveva Nikolaus I','Et itaque quas fuga rem et. Illum laborum ipsum minima unde repellendus. Magnam possimus beatae soluta soluta mollitia.',3,'2020-10-21 04:53:54','2020-10-21 04:53:54'),(81,78,'Dorris Schimmel','Ipsum ipsa deserunt modi a animi exercitationem rerum. Optio eum dolorem consequatur consequatur earum in quia. Quae odio et nostrum natus odio aliquid. Harum sunt perspiciatis nemo est aut.',0,'2020-10-21 04:53:54','2020-10-21 04:53:54'),(82,55,'Mr. Liam Kuvalis II','Eos voluptas quia est et nihil velit assumenda. Animi laudantium reprehenderit qui ipsa reiciendis sed. Est aut velit qui a. Vel temporibus et et nostrum voluptatibus.',1,'2020-10-21 04:53:54','2020-10-21 04:53:54'),(83,30,'Davin Huels','Ut illo vitae cum quos. Soluta sunt rerum maiores ad ullam vitae. Velit incidunt ex eos sed a voluptatem doloribus.',5,'2020-10-21 04:53:54','2020-10-21 04:53:54'),(84,87,'Katrine Blick','Recusandae sint asperiores ut ut. Incidunt quas expedita repudiandae. Optio magni aliquam nulla eveniet. Necessitatibus ut vel in porro.',5,'2020-10-21 04:53:54','2020-10-21 04:53:54'),(85,65,'Quinn Gusikowski','Dolor et maiores incidunt ut. Voluptatem provident itaque in accusamus voluptatem iure fugiat. Ullam repudiandae magnam qui hic voluptatibus consequatur et. Sit repellat dolores occaecati sunt.',1,'2020-10-21 04:53:55','2020-10-21 04:53:55'),(86,29,'Amie Gerlach','Quibusdam accusamus porro totam fugiat ipsum quibusdam aliquid voluptatem. Sed enim ut et. Eaque et velit earum dolorem laboriosam. Ut recusandae ut et ex repellat beatae.',4,'2020-10-21 04:53:55','2020-10-21 04:53:55'),(87,60,'Dr. Leon Hane Sr.','Et vel quia aut ab. Laudantium molestiae accusantium labore ut. Fugit recusandae voluptas cumque dolores ut consequatur.',1,'2020-10-21 04:53:55','2020-10-21 04:53:55'),(88,55,'Carroll O\'Reilly I','Sit molestias alias minima non consectetur. Et eligendi sit maxime id ex nisi dicta. Nihil vitae doloribus impedit voluptatem non sed.',0,'2020-10-21 04:53:55','2020-10-21 04:53:55'),(89,37,'Kelli Rohan','Neque ad consequatur libero ipsam molestiae. Sint ad accusamus dolorem. Nobis praesentium natus facere ea. Accusamus voluptas hic ratione deserunt molestiae ut ex.',3,'2020-10-21 04:53:55','2020-10-21 04:53:55'),(90,71,'Prof. Hollis Jacobs Jr.','Quis voluptas rerum est ut. Sed distinctio dicta aut commodi. Ipsum laborum et amet laudantium sit.',5,'2020-10-21 04:53:55','2020-10-21 04:53:55'),(91,80,'Mrs. Cleta Jenkins I','Debitis eveniet animi laudantium molestiae sed qui. Eos libero temporibus nesciunt vero modi vel quo dolores. Ipsum repellat quia excepturi dolorum et perferendis. Sunt voluptas sed iste.',2,'2020-10-21 04:53:55','2020-10-21 04:53:55'),(92,6,'Germaine Keebler','Ex molestiae fugiat ut iure. Qui laborum rerum veritatis itaque eaque nam. Facere labore harum suscipit ut aspernatur.',2,'2020-10-21 04:53:55','2020-10-21 04:53:55'),(93,90,'Alison Walsh III','Aliquam consectetur quis sequi. Omnis nam veniam et exercitationem harum commodi. Quia eius sit possimus. Asperiores vitae consectetur illo voluptatem doloremque quisquam.',0,'2020-10-21 04:53:55','2020-10-21 04:53:55'),(94,74,'Dedrick Ondricka Sr.','Dolorem asperiores ut voluptate nesciunt sit est. Voluptatem cupiditate cumque enim eius adipisci et. Quas quas ut facilis molestiae voluptatem quisquam dolor magnam.',4,'2020-10-21 04:53:55','2020-10-21 04:53:55'),(95,63,'Thea Baumbach','Ipsam nemo natus reprehenderit eum qui reprehenderit. Numquam consequatur quam temporibus culpa voluptatum aut fugit. Exercitationem iste consequatur accusamus qui soluta perferendis dicta.',5,'2020-10-21 04:53:55','2020-10-21 04:53:55'),(96,50,'Prof. Eldred Bahringer DDS','Rerum recusandae explicabo quia. Autem ullam ea voluptatibus aperiam quo est. Voluptate sed quisquam velit accusantium. Voluptates aut voluptas sed at. Eos ea aut sit nesciunt ea excepturi.',2,'2020-10-21 04:53:55','2020-10-21 04:53:55'),(97,86,'Donna Buckridge','Iusto exercitationem exercitationem ea veritatis. Natus asperiores reiciendis ab assumenda officia est.',1,'2020-10-21 04:53:55','2020-10-21 04:53:55'),(98,43,'Earnest Dach I','Debitis architecto in dolores dolores nemo. Laudantium facilis et voluptates et voluptates consequatur facere ex. Aliquid quia laudantium omnis voluptas doloribus est eum. Est omnis soluta fugit odit.',4,'2020-10-21 04:53:56','2020-10-21 04:53:56'),(99,11,'Mr. Enoch Schiller','Ut totam laboriosam quibusdam eligendi. Id officiis magni sit. Tempore rerum maxime porro et repudiandae aut dignissimos. Vel occaecati amet sunt aperiam exercitationem.',3,'2020-10-21 04:53:56','2020-10-21 04:53:56'),(100,63,'Prof. Matt Toy','In voluptas corporis fugiat ut repellendus harum minus. Sit odio corporis tempore ut numquam. Omnis perferendis iste id atque necessitatibus qui. Delectus omnis architecto deserunt provident corrupti fugit.',0,'2020-10-21 04:53:56','2020-10-21 04:53:56'),(101,83,'Prof. Danyka Donnelly','Assumenda facilis labore cum consequatur. Illo odio eligendi fugiat architecto consectetur omnis unde. Id perferendis dolorem qui nobis itaque. Sunt accusamus magnam dolor.',2,'2020-10-21 04:53:56','2020-10-21 04:53:56'),(102,100,'Prof. Albin Swift II','Vitae optio quo sit libero quisquam aspernatur. Laborum tempora rerum illum voluptas sapiente blanditiis ipsam. Sit quisquam qui aut.',1,'2020-10-21 04:53:56','2020-10-21 04:53:56'),(103,17,'Adrian Erdman','Autem temporibus ipsum molestiae nulla ut in. Magni eos officiis dolor nisi. Omnis ad aliquam doloremque.',2,'2020-10-21 04:53:56','2020-10-21 04:53:56'),(104,97,'Assunta Gleichner IV','Id dicta sequi a. Aut nihil nisi at eos. Suscipit eaque eos harum distinctio. Voluptatum officia dolore soluta culpa voluptas aperiam.',5,'2020-10-21 04:53:56','2020-10-21 04:53:56'),(105,71,'Mateo Wunsch','Maxime cupiditate laborum facere architecto voluptatem nobis ut. Qui at ut doloremque commodi fugiat nihil dolore. Quasi et ut ad dicta. Magni iure sequi sit dicta repellat officiis sapiente fuga.',1,'2020-10-21 04:53:56','2020-10-21 04:53:56'),(106,84,'Vladimir Ritchie Sr.','Perferendis id soluta amet. Reprehenderit et et in dolor et quis. Aut fugit non consectetur error quia itaque.',0,'2020-10-21 04:53:56','2020-10-21 04:53:56'),(107,31,'Prof. Chasity Moen Sr.','Nesciunt pariatur commodi eum ipsum. Iusto voluptas corporis et ut tenetur cum. Qui eum ipsum quia sint officiis quia earum.',0,'2020-10-21 04:53:56','2020-10-21 04:53:56'),(108,85,'Serena Stamm','Velit odio animi quis consequuntur cumque. Sint ut vitae amet officia rerum. Tenetur voluptatem quia rerum praesentium architecto dolorem. Laboriosam illo ducimus iure incidunt.',4,'2020-10-21 04:53:56','2020-10-21 04:53:56'),(109,100,'Chester Reinger III','Voluptatibus voluptates ut dolorem unde sit. Ab explicabo eos error ut ut aut. Impedit et necessitatibus qui cum. Hic aspernatur consectetur et incidunt necessitatibus quis. Consequatur qui labore harum alias sequi animi labore.',0,'2020-10-21 04:53:57','2020-10-21 04:53:57'),(110,1,'Tanner Quitzon I','Cupiditate est eligendi aut quia excepturi doloremque earum aut. In omnis sed id sit quasi. Sint minus culpa culpa similique distinctio minus eos. Expedita qui facilis et optio adipisci nam dolorem.',3,'2020-10-21 04:53:57','2020-10-21 04:53:57'),(111,92,'Prof. Alexandrine Kovacek I','Qui dolor ut assumenda quod et beatae aspernatur reiciendis. Quos natus necessitatibus ullam iure. Et maxime in expedita.',3,'2020-10-21 04:53:57','2020-10-21 04:53:57'),(112,15,'Anahi Stamm','Iusto nesciunt quod commodi nesciunt. Quos nihil quo ex magnam aut. Expedita pariatur cum velit rerum nam magnam vel.',3,'2020-10-21 04:53:57','2020-10-21 04:53:57'),(113,3,'Prof. Raymond Wintheiser','Possimus quaerat cupiditate et at. Maiores saepe qui eos qui repudiandae laboriosam. Ex consequatur culpa est repudiandae quasi.',0,'2020-10-21 04:53:57','2020-10-21 04:53:57'),(114,91,'Richard Okuneva','Non numquam dolor eveniet. Molestiae vel aperiam inventore assumenda ea tempore. Nihil cum veritatis quae nostrum. Rerum ipsum accusamus quo corporis numquam eos.',5,'2020-10-21 04:53:57','2020-10-21 04:53:57'),(115,91,'Mrs. Pat Bins','In magnam aut voluptatem. Ex et rerum eos ex aliquam quisquam quis qui.',1,'2020-10-21 04:53:57','2020-10-21 04:53:57'),(116,13,'Dr. Jacynthe VonRueden','Quo at distinctio est consequatur fugiat. Aperiam et dolor accusantium. Temporibus totam corporis est enim et non.',1,'2020-10-21 04:53:57','2020-10-21 04:53:57'),(117,45,'Isaiah Walker','Sed et dolorum sequi a quam perferendis. Dolorem recusandae ducimus voluptas quas consequuntur maiores. Cupiditate debitis aut facilis et et non. Et ut est dolor optio autem.',0,'2020-10-21 04:53:57','2020-10-21 04:53:57'),(118,82,'Eloise Becker','Sint rerum voluptatem laudantium corrupti optio cupiditate sapiente. Quos voluptas occaecati quos consectetur nam. Optio voluptatibus dolor cumque optio.',3,'2020-10-21 04:53:57','2020-10-21 04:53:57'),(119,65,'Erik Swaniawski','Ipsam dicta qui excepturi asperiores sint fugit. Eaque ducimus ab minus repudiandae perspiciatis. Officia eaque et blanditiis dignissimos.',1,'2020-10-21 04:53:57','2020-10-21 04:53:57'),(120,37,'Eldora D\'Amore','Modi deleniti enim adipisci consequatur. Sit id ut nesciunt occaecati ut facilis sed est.',5,'2020-10-21 04:53:57','2020-10-21 04:53:57'),(121,39,'Cyrus Grant','Libero ipsa vero est. Id sunt cumque doloribus quo voluptate nihil vero aut. Temporibus dignissimos nihil exercitationem eum eaque. Et rem cum fugit saepe dolorem quisquam.',5,'2020-10-21 04:53:57','2020-10-21 04:53:57'),(122,77,'Dr. Salvatore Runolfsson','Incidunt amet error maiores nemo unde et pariatur. Vel aut facere et voluptatibus est. Itaque ad repudiandae eligendi doloribus.',0,'2020-10-21 04:53:58','2020-10-21 04:53:58'),(123,24,'Gust Zulauf','Nihil vel soluta est laboriosam. Qui expedita animi tenetur voluptatem. Soluta sunt aspernatur quod ea laudantium dignissimos rerum ut. Earum iure est incidunt non in eos officia.',3,'2020-10-21 04:53:58','2020-10-21 04:53:58'),(124,21,'Jazlyn Schiller DVM','Quae illo sit odio ipsam. Odit et accusamus corrupti eaque. Vel adipisci eius non magni non harum. Assumenda doloremque magnam eveniet nihil.',3,'2020-10-21 04:53:58','2020-10-21 04:53:58'),(125,5,'Angie Sanford Sr.','Libero eaque ratione quasi sequi nisi. Sapiente eos dolores eum ipsam. Tenetur sit dolores consequatur temporibus dolores quia ex.',1,'2020-10-21 04:53:58','2020-10-21 04:53:58'),(126,63,'Hadley Tillman','Non aut velit nesciunt dolorem non similique. Explicabo non et consectetur ipsum alias. Vitae voluptas eaque minus doloribus reiciendis maiores. Corrupti sapiente mollitia ea dolore eius itaque rem.',1,'2020-10-21 04:53:58','2020-10-21 04:53:58'),(127,89,'Ozella Nitzsche','Porro eum velit debitis neque beatae enim. Nisi tempora pariatur ut aut voluptatem. Omnis doloremque voluptatem quo ut nobis aut.',2,'2020-10-21 04:53:58','2020-10-21 04:53:58'),(128,92,'Prof. Kale Kuvalis III','Error et et ad. Voluptas at saepe quibusdam. Error tempore libero id aliquam est perferendis voluptas. Culpa incidunt qui similique eius non voluptatem.',0,'2020-10-21 04:53:58','2020-10-21 04:53:58'),(129,53,'Adrain Hirthe','Et nostrum nisi veritatis. Sunt error harum repellat velit. In a dolore ipsa voluptatibus libero.',1,'2020-10-21 04:53:58','2020-10-21 04:53:58'),(130,51,'Dr. Lavada Reilly','Maxime blanditiis commodi sit perspiciatis. Ut dolores odio in vero sequi blanditiis sed distinctio. Error cupiditate ea recusandae delectus laudantium ratione illum. Vel est earum sint accusantium.',4,'2020-10-21 04:53:58','2020-10-21 04:53:58'),(131,22,'Alfonso Weber','Rerum voluptatibus corrupti autem. Eum labore perspiciatis debitis praesentium sit. Est alias ea consequatur veritatis.',0,'2020-10-21 04:53:58','2020-10-21 04:53:58'),(132,14,'Ezra Denesik','Quis quos quasi omnis et earum. Natus et modi pariatur rem vel voluptatem nam tempora. Qui impedit nesciunt nihil sint vel aut aut cum. Et pariatur vel quod dignissimos ipsam.',5,'2020-10-21 04:53:58','2020-10-21 04:53:58'),(133,53,'Gonzalo Ankunding','Natus necessitatibus natus commodi autem architecto cupiditate error. Error non libero delectus rerum dicta est velit. Saepe velit velit omnis similique voluptatem distinctio.',3,'2020-10-21 04:53:58','2020-10-21 04:53:58'),(134,67,'Adriel Toy DVM','Perspiciatis quia ut eos provident omnis consectetur. Consequatur fuga magni blanditiis. Maiores quia fugit dignissimos. Asperiores commodi aliquam vitae modi officiis sit. Vitae dolorem aut tenetur inventore aspernatur eligendi perferendis.',3,'2020-10-21 04:53:59','2020-10-21 04:53:59'),(135,36,'Freeman Bruen I','Dolor recusandae architecto ut repudiandae. Sed rerum recusandae dolores est quos asperiores voluptatem. Inventore ut perferendis veritatis vel et suscipit ut. Natus delectus est voluptatem molestiae.',2,'2020-10-21 04:53:59','2020-10-21 04:53:59'),(136,65,'Camille Huel','Fugit ut quisquam aperiam dolor id repudiandae. Sint quia sequi nesciunt maxime quo molestiae. Est minima at pariatur ea. Provident saepe a non est sunt ut omnis.',4,'2020-10-21 04:53:59','2020-10-21 04:53:59'),(137,22,'Shanie Hermiston','Ex aperiam et sit asperiores sit. Quia maxime debitis harum error nam maxime non. Magni sint corporis non vel.',3,'2020-10-21 04:53:59','2020-10-21 04:53:59'),(138,5,'Prof. Ariane Howell','Et doloremque possimus repellendus qui dolor recusandae esse. Alias quae sit minus doloremque reiciendis.',3,'2020-10-21 04:53:59','2020-10-21 04:53:59'),(139,82,'Robbie Douglas','Tempore temporibus incidunt voluptatem delectus. Repudiandae aut omnis sed voluptatem enim. Iure nisi ut et quam non.',0,'2020-10-21 04:53:59','2020-10-21 04:53:59'),(140,36,'Sheila Langosh','Voluptas repudiandae accusamus iusto id at perspiciatis. Exercitationem laboriosam ad delectus. Rem maxime quam placeat temporibus hic.',5,'2020-10-21 04:53:59','2020-10-21 04:53:59'),(141,61,'Annamae Robel III','Fugiat quod doloremque doloribus alias nobis deleniti. Autem pariatur dolore tempora culpa excepturi. Ut voluptatibus consectetur placeat et.',3,'2020-10-21 04:53:59','2020-10-21 04:53:59'),(142,55,'Nathan Kris','Consequatur consequatur laudantium saepe voluptatem et et quia eligendi. Quis culpa ut voluptatibus totam. Amet aut minus reprehenderit laudantium quaerat consequatur ullam rerum.',0,'2020-10-21 04:53:59','2020-10-21 04:53:59'),(143,69,'Mr. Virgil McGlynn DDS','Qui aperiam alias et ex. Repellat distinctio officia dignissimos voluptas enim.',4,'2020-10-21 04:54:00','2020-10-21 04:54:00'),(144,5,'Ulices McCullough IV','Ullam itaque veniam reiciendis tenetur enim nemo et. Adipisci qui rerum perspiciatis voluptatem. Ipsum ea magnam vel dolorem dolorem voluptate officia.',0,'2020-10-21 04:54:00','2020-10-21 04:54:00'),(145,18,'Willard Stroman MD','Sit non vel voluptatem quas et illum suscipit. Est tenetur cumque quo aut totam. Omnis eos sit eius ut omnis expedita libero. Est rerum blanditiis minima explicabo dolorem atque consequuntur.',4,'2020-10-21 04:54:00','2020-10-21 04:54:00'),(146,54,'Prof. Jovany Brown','Qui consequatur nemo enim veniam. Id sed illum ut rerum ad non. Doloribus quisquam et quae voluptatem veniam provident libero. Debitis itaque quos ullam totam ad doloremque.',2,'2020-10-21 04:54:00','2020-10-21 04:54:00'),(147,56,'Karina Brekke','Dolore eum libero adipisci totam ratione harum. Nobis consequatur est reiciendis veniam officia illum repellat. Assumenda accusamus voluptas nostrum quia.',4,'2020-10-21 04:54:00','2020-10-21 04:54:00'),(148,80,'Jessyca Bosco','Aperiam suscipit et qui animi odit. Est nulla in a enim quas recusandae aperiam. Dignissimos sapiente quo fuga nulla molestiae ullam. Mollitia quo ducimus quod ipsum sit expedita placeat.',5,'2020-10-21 04:54:00','2020-10-21 04:54:00'),(149,77,'Mauricio Dickinson','Omnis animi in nulla at explicabo culpa in. Beatae recusandae labore accusamus reiciendis animi consectetur nihil. Voluptate repudiandae at omnis ex ut nihil.',0,'2020-10-21 04:54:00','2020-10-21 04:54:00'),(150,41,'Ruby Schroeder','Nihil accusantium porro ab vel. Voluptatem eos quod sed. Vitae et eos esse voluptates labore consequuntur velit.',2,'2020-10-21 04:54:00','2020-10-21 04:54:00'),(151,27,'Brenda Kohler','Nisi vero odit ducimus et. Voluptas quia ipsa iste rerum. Sed ipsa possimus voluptatem eum veritatis aliquam minima.',0,'2020-10-21 04:54:00','2020-10-21 04:54:00'),(152,83,'D\'angelo Waters','Quia molestiae molestias quam voluptas quis. Quisquam assumenda dicta ut est cum maiores. Fugiat sint ipsa reiciendis quaerat commodi quia.',2,'2020-10-21 04:54:00','2020-10-21 04:54:00'),(153,97,'Sarai Davis','Pariatur eveniet rerum rerum voluptatem nisi. Libero sit debitis non voluptatem alias. Enim expedita alias odit quibusdam fuga est excepturi. Et libero sit totam quia.',2,'2020-10-21 04:54:00','2020-10-21 04:54:00'),(154,88,'Prof. Clyde Dare PhD','Molestias exercitationem fuga rerum consequatur alias impedit. Velit culpa recusandae inventore quia dolor odio doloribus ut.',2,'2020-10-21 04:54:00','2020-10-21 04:54:00'),(155,21,'Miss Alta Mohr MD','Minus ea et omnis recusandae consequuntur. Sapiente nemo consequuntur velit animi. Ut quae mollitia sed consequatur et aut esse nemo.',1,'2020-10-21 04:54:01','2020-10-21 04:54:01'),(156,26,'Eugenia Schulist','Rerum quia perferendis occaecati ratione. Et ipsa voluptas nihil tempore facilis iusto. Rerum at voluptatem voluptas qui eius. Voluptatum maiores et non et at earum dolor. Totam vero blanditiis et ex distinctio quia nihil.',3,'2020-10-21 04:54:01','2020-10-21 04:54:01'),(157,88,'Dr. Moses Ferry','Voluptate eaque totam autem enim. Sunt rerum possimus et qui ut ad. Voluptatum ut quos accusamus id rem.',2,'2020-10-21 04:54:01','2020-10-21 04:54:01'),(158,64,'Dr. Carmella McLaughlin','Dolores itaque rerum repudiandae provident et excepturi reprehenderit et. Sunt sunt aut ut dolorem cupiditate quia in ut. Qui rerum at quisquam unde fugiat explicabo aut.',2,'2020-10-21 04:54:01','2020-10-21 04:54:01'),(159,85,'Efren Treutel','Quis labore exercitationem eum voluptate eos sapiente repellendus. Saepe eos omnis libero quis. Et dolor hic error.',3,'2020-10-21 04:54:01','2020-10-21 04:54:01'),(160,35,'Ms. Martina O\'Conner Jr.','Accusantium harum ipsam ratione ullam. Dolor repellendus deleniti ut numquam debitis quaerat unde. Omnis non qui pariatur. Est repudiandae a quibusdam possimus dolores totam natus.',2,'2020-10-21 04:54:01','2020-10-21 04:54:01'),(161,31,'Cassie Schamberger','Dolorem id suscipit sunt hic quod. Eligendi et tempore eligendi ut in at. Ex velit et repudiandae quo facere saepe id.',1,'2020-10-21 04:54:01','2020-10-21 04:54:01'),(162,40,'Breana Ullrich','Sed quisquam hic rerum aut quam. Laudantium harum nobis voluptas provident. Numquam repellendus consequatur quae velit nihil veniam. Et dolores tempora tempore inventore quibusdam.',5,'2020-10-21 04:54:01','2020-10-21 04:54:01'),(163,44,'Miss Ava Feil I','Totam qui ipsum dolor provident veritatis. Et eos incidunt quia debitis cumque deserunt doloremque.',5,'2020-10-21 04:54:01','2020-10-21 04:54:01'),(164,54,'Dandre Waters','Quidem ullam sunt harum dolor. Delectus praesentium eos similique quibusdam officia. Numquam voluptatem et voluptates sed iste tempora.',3,'2020-10-21 04:54:01','2020-10-21 04:54:01'),(165,63,'Malcolm Wunsch','Velit qui quod et facere assumenda et enim nobis. Quaerat repellat fugit hic. Et quam dolores consequuntur dolorum maxime. Sapiente accusantium maxime eligendi et dolore sed.',4,'2020-10-21 04:54:01','2020-10-21 04:54:01'),(166,10,'Hans Hettinger V','Esse rerum molestias et sed et et culpa. Earum in natus veniam quidem nihil voluptatem eveniet. Laborum rerum aut labore et.',1,'2020-10-21 04:54:01','2020-10-21 04:54:01'),(167,77,'Sienna Strosin MD','Placeat eum molestiae corrupti quidem repellat. Velit at aut aut aut. Totam aut voluptas perspiciatis omnis cum sed. Sint veritatis perferendis quidem cumque.',5,'2020-10-21 04:54:02','2020-10-21 04:54:02'),(168,4,'Clemens Runte','Eos eos maxime et fugiat eligendi nihil dolores. Eligendi doloribus molestiae id ipsum sunt unde.',1,'2020-10-21 04:54:02','2020-10-21 04:54:02'),(169,99,'Prof. Isaiah McCullough','Suscipit saepe sit consequatur quisquam in perferendis sint. Temporibus id deleniti corporis qui et vitae veritatis dolore.',0,'2020-10-21 04:54:02','2020-10-21 04:54:02'),(170,33,'Prof. Deshaun Sipes Jr.','Incidunt impedit illum eum enim. Est beatae libero atque perspiciatis. Beatae ullam quasi et. Non excepturi dignissimos quaerat placeat aut.',1,'2020-10-21 04:54:02','2020-10-21 04:54:02'),(171,15,'Magnus Legros','Voluptas molestiae dolore praesentium neque enim ex praesentium. Possimus itaque dolor voluptatem culpa. Ex omnis doloremque incidunt dignissimos.',3,'2020-10-21 04:54:02','2020-10-21 04:54:02'),(172,74,'Clement Stehr','Alias placeat non distinctio expedita quaerat perferendis. Vel voluptatem iure harum omnis. Voluptatem eum nemo omnis quidem.',3,'2020-10-21 04:54:02','2020-10-21 04:54:02'),(173,11,'Abraham Kuhlman','Voluptatem voluptas et temporibus ad nulla. Nihil est eius consectetur enim beatae facilis at expedita. Rerum itaque sed modi similique ducimus repellat illum.',3,'2020-10-21 04:54:02','2020-10-21 04:54:02'),(174,65,'Dr. Chloe Johns','Accusamus praesentium dolor voluptatem omnis. Accusantium inventore libero dolore possimus. Voluptatem officiis voluptatem asperiores ab temporibus ut. Omnis vel impedit fugiat nihil cupiditate.',1,'2020-10-21 04:54:02','2020-10-21 04:54:02'),(175,70,'Prof. Nelson Gorczany IV','Occaecati dolor non pariatur quia dolore voluptatem nesciunt. Sit commodi pariatur eum illum recusandae. Non modi neque quas animi nisi esse. In tenetur molestias necessitatibus ducimus.',0,'2020-10-21 04:54:02','2020-10-21 04:54:02'),(176,100,'Kasey Flatley','Mollitia suscipit inventore dolorum quia dicta rerum. Modi et possimus magni quisquam quibusdam. Ullam iure consequatur consequuntur tenetur quod qui. Saepe laboriosam doloremque sed sunt et illum aliquam error.',4,'2020-10-21 04:54:02','2020-10-21 04:54:02'),(177,60,'Fabiola Rau','Fugit labore voluptatem dolores nihil distinctio sunt. Voluptate qui corporis iusto. Dolor modi rerum voluptates ut qui.',3,'2020-10-21 04:54:02','2020-10-21 04:54:02'),(178,58,'Ms. Eula Kling DDS','Nobis ut voluptates voluptate illum. Ut sed modi qui odio rerum ut omnis voluptatem.',1,'2020-10-21 04:54:03','2020-10-21 04:54:03'),(179,70,'Ms. Yadira Schoen','Autem doloribus culpa aut exercitationem voluptatum. Fugit aperiam qui nemo et et.',1,'2020-10-21 04:54:03','2020-10-21 04:54:03'),(180,71,'Douglas Brakus','Animi et doloremque dignissimos dolore deleniti quae. Saepe quod eligendi nostrum et. Quas enim nostrum sed eius modi sequi eaque.',2,'2020-10-21 04:54:03','2020-10-21 04:54:03'),(181,96,'Veronica Hegmann','Autem praesentium nihil doloremque sapiente. Qui nesciunt ullam temporibus mollitia ut. Ut non adipisci temporibus consequatur omnis assumenda eius. Doloremque ipsum mollitia est eum. Quo aut voluptatem aliquid sit ut incidunt.',5,'2020-10-21 04:54:03','2020-10-21 04:54:03'),(182,4,'Dr. Jayme Willms','Veniam corporis dolor necessitatibus pariatur. Esse aut porro debitis dolorem suscipit vero quod.',3,'2020-10-21 04:54:03','2020-10-21 04:54:03'),(183,31,'Electa Littel','Sit facere dicta deleniti nisi harum. Molestias quo ratione similique ipsam perferendis. Deserunt aut quia cupiditate libero cumque asperiores. Laborum quia quae nam provident. Ullam natus cumque minima unde.',5,'2020-10-21 04:54:03','2020-10-21 04:54:03'),(184,76,'Mr. Hank Kovacek II','Eos qui non eos dolorem. Est cum suscipit quia repellat animi.',4,'2020-10-21 04:54:03','2020-10-21 04:54:03'),(185,50,'Prof. Corrine Block DVM','Ut quidem placeat aperiam saepe quod suscipit cupiditate. Molestiae nesciunt delectus velit eum et. Ut aut porro porro amet sit.',3,'2020-10-21 04:54:03','2020-10-21 04:54:03'),(186,42,'Jazmyn Reilly','Sint vitae quisquam voluptates cum quia omnis eos suscipit. Quo numquam voluptas dolorem quod et enim explicabo. Unde qui velit rerum omnis mollitia.',0,'2020-10-21 04:54:03','2020-10-21 04:54:03'),(187,18,'Miss Danika Waters','Eos recusandae aut ea distinctio molestiae. Unde autem eos consequuntur dolorem dolore et qui aut.',0,'2020-10-21 04:54:03','2020-10-21 04:54:03'),(188,52,'Caitlyn Schumm','Ex nesciunt voluptatem debitis corporis nihil ut quia. Vel minima laudantium repellendus sint. Placeat quam et autem doloribus.',0,'2020-10-21 04:54:03','2020-10-21 04:54:03'),(189,98,'Reyes Cassin','Eligendi quod consequatur dolor fuga. Mollitia eveniet minus sit quae aspernatur voluptatum. Atque dicta autem inventore error rerum vitae quod amet. Ut amet et illo dolorum quam.',4,'2020-10-21 04:54:03','2020-10-21 04:54:03'),(190,47,'Sage Brakus','Temporibus esse dolor corporis veritatis voluptas. Autem quia totam officiis voluptatem. Sit totam voluptas ut autem hic quas. Ex autem voluptas veniam aut.',5,'2020-10-21 04:54:03','2020-10-21 04:54:03'),(191,34,'Mrs. Alexandrine Balistreri','Aut sint praesentium qui fugiat pariatur incidunt rerum. Qui ut voluptatem modi nihil eum. Deserunt consequatur id nisi. Nulla aut molestiae omnis nesciunt et et. Ea ut nam quibusdam labore.',4,'2020-10-21 04:54:04','2020-10-21 04:54:04'),(192,93,'Danny Kshlerin','Esse facilis rem optio ad. Sunt at velit tempore explicabo nulla soluta qui. Tempora eius consequatur voluptas.',5,'2020-10-21 04:54:04','2020-10-21 04:54:04'),(193,26,'Karen Kohler','Ipsum quae rerum doloribus vel possimus. Nihil aliquid modi repellendus asperiores corrupti non sed. Molestiae expedita ex ratione est ratione ut expedita.',1,'2020-10-21 04:54:04','2020-10-21 04:54:04'),(194,39,'Marcellus Wilderman','Iusto eligendi quia sed fugit cum. Inventore aut reiciendis alias modi quas aliquid. Ut inventore doloremque aut placeat molestiae hic.',1,'2020-10-21 04:54:04','2020-10-21 04:54:04'),(195,56,'Araceli Baumbach','Magnam blanditiis eius velit id. Reprehenderit suscipit voluptates non id. Delectus voluptatum ratione aut. Nihil rerum molestiae quae ab qui ad.',3,'2020-10-21 04:54:04','2020-10-21 04:54:04'),(196,75,'Lesley Feil','Architecto mollitia tempora illo et atque ea. Quis et deleniti rerum tenetur dolor. Et qui est quisquam dolore sint et eveniet mollitia. Non qui adipisci in molestiae accusantium sequi.',1,'2020-10-21 04:54:04','2020-10-21 04:54:04'),(197,25,'Prof. Jakayla Bailey','Amet iure sint earum eos. Deserunt inventore sed fuga sed a et harum. Aut eos et accusamus modi perspiciatis quo.',3,'2020-10-21 04:54:04','2020-10-21 04:54:04'),(198,75,'Austin Harber','Nemo autem eos quod incidunt dolores hic. Ea et libero deserunt voluptas aliquam rerum. Accusamus quisquam est cupiditate reprehenderit asperiores iure. Enim facilis harum distinctio qui ducimus qui.',3,'2020-10-21 04:54:04','2020-10-21 04:54:04'),(199,82,'Mr. Guiseppe Cummings V','Ut quia doloremque molestias similique totam dignissimos pariatur. Sed doloremque consequatur voluptatem unde. Quia dolor fugiat id laudantium quod illo natus rerum.',2,'2020-10-21 04:54:04','2020-10-21 04:54:04'),(200,49,'Miss Josiane Hyatt PhD','Rerum debitis veritatis nostrum repellat quia. Quia voluptatem quo nemo quia sed. Ut quo itaque fuga aliquam qui ratione qui ab. Et a labore voluptatem aut blanditiis voluptates dolorem.',1,'2020-10-21 04:54:04','2020-10-21 04:54:04'),(201,47,'Dedric Harvey','Voluptatum facere laudantium non officiis quia eos voluptas. Ut nisi est laborum et dolor repudiandae.',1,'2020-10-21 04:54:04','2020-10-21 04:54:04'),(202,98,'Daphnee Tillman','Sed architecto ut non culpa porro est. Similique expedita ratione natus. Ut deserunt distinctio et et consectetur. Cumque eos eos corporis perspiciatis quasi molestiae assumenda.',0,'2020-10-21 04:54:04','2020-10-21 04:54:04'),(203,87,'Sonny Maggio','Labore ab eaque incidunt reiciendis eaque libero consequatur iusto. Praesentium temporibus amet numquam consequatur id laborum repellendus. Consequatur ipsa dolore fugiat omnis ea.',1,'2020-10-21 04:54:05','2020-10-21 04:54:05'),(204,42,'Dr. Irwin Macejkovic','Consequatur qui error ut ducimus nihil. Sunt ad nostrum ut consequuntur odit consequuntur rerum ut. Laboriosam quis quo quisquam voluptas et ipsam illo. Vero ratione est laboriosam enim.',2,'2020-10-21 04:54:05','2020-10-21 04:54:05'),(205,93,'Ezra Raynor','Tempore ducimus in non vel. Vel consequatur eligendi consequuntur possimus. Nesciunt et et quo quia commodi aperiam.',5,'2020-10-21 04:54:05','2020-10-21 04:54:05'),(206,99,'Ms. Mia Gaylord','Cum quia quasi maxime aliquid. Nobis quos omnis eos repellendus recusandae accusamus consequatur iusto. Saepe consectetur eligendi ut perferendis.',0,'2020-10-21 04:54:05','2020-10-21 04:54:05'),(207,6,'Ryley Pollich','Doloribus consequatur error delectus labore velit nemo. Qui provident expedita voluptas et quia aliquam. Quia id itaque in magni nulla maxime numquam. Ducimus nihil est est eos ducimus.',3,'2020-10-21 04:54:05','2020-10-21 04:54:05'),(208,19,'Prof. Josiah Corkery','Earum voluptas qui est eum. Et fuga fuga expedita quisquam repellat nobis nihil. Provident ipsum saepe dolorem non cumque aut ut. Qui veritatis et ratione officiis omnis nam facilis.',4,'2020-10-21 04:54:05','2020-10-21 04:54:05'),(209,98,'Arianna Koss','Fugit non maxime veniam sunt. Dignissimos fugiat ipsum voluptatem explicabo est temporibus et. Quae aut cupiditate doloremque culpa error occaecati. Pariatur molestias tempora distinctio. Sint dolores voluptatem et odio aliquam eos.',4,'2020-10-21 04:54:05','2020-10-21 04:54:05'),(210,23,'Dr. Clotilde Stamm III','Laborum qui pariatur hic qui. Et eum dolor aut odio et et. Ullam inventore dolor laborum numquam.',4,'2020-10-21 04:54:05','2020-10-21 04:54:05'),(211,23,'Kennedy Swift','Unde dolorum rem aspernatur et. Non voluptates deleniti at blanditiis eaque. Autem eum incidunt eius aut et.',5,'2020-10-21 04:54:05','2020-10-21 04:54:05'),(212,18,'Rosemarie Jakubowski','Cumque fuga nam quos voluptate iure omnis nulla aut. Optio cupiditate quod laboriosam magnam repellendus aliquid. Maxime provident est saepe aspernatur magnam magnam.',0,'2020-10-21 04:54:05','2020-10-21 04:54:05'),(213,41,'Torey Howell','Voluptatibus consequatur maxime minus sit aut voluptate est. Et magni quibusdam deleniti culpa eius. Ducimus eius quaerat rem.',1,'2020-10-21 04:54:06','2020-10-21 04:54:06'),(214,44,'Tad Stiedemann','Aut quia eveniet quis quos. Et eum dolores in cumque odio perspiciatis sequi. In dignissimos totam provident maxime et dolorum. Officia quam expedita corrupti in.',3,'2020-10-21 04:54:06','2020-10-21 04:54:06'),(215,16,'Prof. Leo Ernser V','Non doloremque quaerat voluptatem non cupiditate deleniti quo. Asperiores atque excepturi nihil commodi quia. Quo nesciunt consequuntur nostrum. Fugiat alias maiores tenetur ut magni.',2,'2020-10-21 04:54:06','2020-10-21 04:54:06'),(216,15,'Norene Mayer DVM','Ipsum in eveniet labore. Quam nam eos voluptas corporis. Pariatur omnis facilis aliquid omnis aliquam esse tenetur. Rerum perspiciatis quisquam totam qui enim sed.',2,'2020-10-21 04:54:06','2020-10-21 04:54:06'),(217,58,'Roscoe Altenwerth','Quisquam enim eaque est aut accusamus. Ipsam placeat alias fugit quas minima minus itaque. Aut unde sit ut necessitatibus saepe consectetur nulla. Magnam velit eaque eum ut veniam.',1,'2020-10-21 04:54:06','2020-10-21 04:54:06'),(218,31,'Kiana Glover','Eaque quam in velit et. Molestiae odit recusandae est inventore. Porro rerum explicabo et ratione enim minus. Et in corrupti nobis voluptas explicabo aliquam.',3,'2020-10-21 04:54:06','2020-10-21 04:54:06'),(219,3,'Amos Russel','Vel nostrum in magni omnis consectetur eaque accusantium. Optio atque doloremque alias velit suscipit tenetur. Aut repellat fugiat ullam veniam. Velit aut voluptas ut rerum ipsa quia.',5,'2020-10-21 04:54:06','2020-10-21 04:54:06'),(220,66,'Nolan Buckridge','Sapiente ipsa dolor non. Et corrupti quia assumenda nam. Est pariatur in dolore veritatis esse aut ea hic.',3,'2020-10-21 04:54:06','2020-10-21 04:54:06'),(221,1,'Ms. Camylle Windler III','Natus sint iure quo voluptatum eos suscipit. Error molestiae dignissimos id voluptatem perferendis. Est assumenda quod cupiditate necessitatibus et. Soluta perspiciatis quae vero libero suscipit perspiciatis rerum. Et consequatur iusto voluptate in.',4,'2020-10-21 04:54:06','2020-10-21 04:54:06'),(222,7,'Paolo Lakin','Odio tenetur voluptate rerum voluptas alias nostrum. Sequi cupiditate commodi et expedita sapiente molestiae. Numquam voluptas voluptatem ex adipisci.',3,'2020-10-21 04:54:06','2020-10-21 04:54:06'),(223,94,'Elza D\'Amore','Distinctio qui et animi quia atque aut cum. Et vitae non tempore ut.',4,'2020-10-21 04:54:06','2020-10-21 04:54:06'),(224,42,'Ms. Mikayla Kiehn II','Nesciunt labore fugiat dolore distinctio voluptatem sit. Id in autem pariatur qui magni quisquam. Non est tempora a.',0,'2020-10-21 04:54:06','2020-10-21 04:54:06'),(225,37,'Mara Trantow','Deserunt iusto omnis molestiae hic doloremque quaerat. Illum aut officiis mollitia velit incidunt velit. Dolore aut voluptatibus eum aut sint. Culpa fugiat consequatur ullam nisi harum delectus nostrum. Consequatur cum veniam nemo illo.',4,'2020-10-21 04:54:06','2020-10-21 04:54:06'),(226,75,'Angela Zemlak','Est minus commodi ratione molestiae voluptatum ipsum. Magnam corporis ipsa architecto ut repellat. Qui perferendis nisi officia perspiciatis. Optio dolor est voluptatem quam totam.',4,'2020-10-21 04:54:06','2020-10-21 04:54:06'),(227,41,'Eldridge Bayer','Qui id eum atque voluptate quisquam. Quasi illum autem a ratione facere. Sint nam consequuntur ad pariatur blanditiis vel.',5,'2020-10-21 04:54:07','2020-10-21 04:54:07'),(228,49,'Prof. Tremaine Cronin','Vitae eos nam quia aut est consequatur. Libero non repellat quia voluptatem sed ea ad aspernatur. Ea inventore sint eos corrupti. Omnis est alias natus non aut est.',2,'2020-10-21 04:54:07','2020-10-21 04:54:07'),(229,89,'Prof. Easton Moore','Voluptate sit eius at non aut est. Architecto illo eos enim tenetur eos quis. Officiis praesentium ut quas sed.',1,'2020-10-21 04:54:07','2020-10-21 04:54:07'),(230,25,'Maybelle Luettgen DDS','Nemo sunt amet nihil eos. Molestias sit maxime quis delectus quo deleniti veritatis temporibus. Reiciendis veritatis fugit voluptatum veritatis.',5,'2020-10-21 04:54:07','2020-10-21 04:54:07'),(231,86,'Rosemarie Waters','Possimus beatae aut modi molestias. Aut et quae dicta sit ut perferendis est iusto. Est vero ducimus dolores omnis. Quos veritatis ducimus unde sit.',2,'2020-10-21 04:54:07','2020-10-21 04:54:07'),(232,37,'Dr. Warren Haley MD','Incidunt id quia illo quia. Velit quas ut et voluptates voluptates. Ut accusantium dolorum incidunt exercitationem.',3,'2020-10-21 04:54:07','2020-10-21 04:54:07'),(233,49,'Fabian Legros','Iure laborum mollitia aut dicta. Dolor et consequuntur et vel. Accusantium non repellendus qui et ut omnis. Sed rerum accusamus fugiat aut suscipit ut perspiciatis fugiat.',5,'2020-10-21 04:54:07','2020-10-21 04:54:07'),(234,98,'Mr. Tito Corkery','Natus necessitatibus occaecati et. Provident corporis aut ipsum aut magni et eaque. Doloribus deleniti facere voluptatem. Fugiat iste libero non perspiciatis dolores hic odit.',3,'2020-10-21 04:54:07','2020-10-21 04:54:07'),(235,72,'Jaron Schulist Jr.','Expedita delectus quae ex ea ea. Aut consequatur delectus eum voluptatem non. Soluta sapiente dolores eligendi ex. Ratione quia animi suscipit tempora.',0,'2020-10-21 04:54:07','2020-10-21 04:54:07'),(236,24,'Magali Johnson','A soluta possimus perferendis. Et necessitatibus velit nam impedit eligendi.',1,'2020-10-21 04:54:07','2020-10-21 04:54:07'),(237,96,'Herbert Borer','Quam ea qui in maiores quia illo dicta. Voluptates est fugit et et. Exercitationem qui molestias assumenda quia. Nulla perferendis quo non facere minima consequatur velit.',5,'2020-10-21 04:54:08','2020-10-21 04:54:08'),(238,78,'Noemie Trantow','Fuga consequatur quia aperiam in recusandae sed voluptatem facilis. Vel velit rerum accusamus nihil quia inventore eligendi.',2,'2020-10-21 04:54:08','2020-10-21 04:54:08'),(239,20,'Cali Schmidt','Inventore enim deserunt nemo. Rerum quaerat accusamus voluptatibus labore ratione porro commodi. Vitae delectus quae rerum ipsam est minus.',4,'2020-10-21 04:54:08','2020-10-21 04:54:08'),(240,45,'Lesley Lemke','Autem vitae dolorem quas sunt illum nihil tempore. Fugiat illo saepe cum rem iure. Voluptas deleniti consequatur voluptas eos neque omnis nemo et. Voluptatem itaque nam iure odio ullam vitae.',5,'2020-10-21 04:54:08','2020-10-21 04:54:08'),(241,83,'Camille Lehner','Illum nemo quasi aut sit doloremque. Eum consequuntur qui in sequi accusamus. Tempora culpa molestiae ut tempora ut dolore. Dolor perferendis maxime accusamus commodi cum.',0,'2020-10-21 04:54:08','2020-10-21 04:54:08'),(242,2,'Mariela Mayert','Facilis dicta optio doloremque iusto. Autem ullam aut sit sit quisquam ea natus enim. Minima iste eos voluptatem autem quia voluptas dolor.',3,'2020-10-21 04:54:08','2020-10-21 04:54:08'),(243,79,'Gladyce Brown','Rerum voluptas tempora autem quaerat consectetur qui voluptatibus. Exercitationem blanditiis harum reiciendis mollitia. Quasi rerum veritatis beatae enim illo veritatis. Velit rerum illum eius assumenda laborum. Sed recusandae rerum ipsa consequatur.',1,'2020-10-21 04:54:08','2020-10-21 04:54:08'),(244,15,'Mr. Jovan Christiansen IV','Doloribus sint ducimus iure illum voluptatem a sint. Sed dolor voluptatem consequatur magnam hic occaecati error. Aspernatur et ullam excepturi. Rem quos nisi et rerum voluptate officia.',5,'2020-10-21 04:54:09','2020-10-21 04:54:09'),(245,14,'Mikel Wiza','Rerum in vero ipsam ut molestiae voluptas recusandae. Omnis neque natus provident et sint quia. Et et nihil hic.',3,'2020-10-21 04:54:09','2020-10-21 04:54:09'),(246,19,'Brittany Bechtelar','Consequatur sunt cum occaecati sint. Molestiae ipsa aut qui iusto. Illo necessitatibus voluptas earum et amet velit. Hic consequatur quia repellat voluptatem quia assumenda deleniti.',3,'2020-10-21 04:54:09','2020-10-21 04:54:09'),(247,22,'Tia Lesch Jr.','Veniam est nostrum dolores adipisci nisi minima. Quisquam nisi voluptatem ab repellendus sapiente.',5,'2020-10-21 04:54:09','2020-10-21 04:54:09'),(248,94,'Bernita Kshlerin','Ullam reprehenderit deserunt velit vitae. Aliquid est qui blanditiis alias. In eaque minima cupiditate rerum. Quod quia sint repellat.',4,'2020-10-21 04:54:09','2020-10-21 04:54:09'),(249,53,'Mrs. Rosemary Haag III','Nihil fuga voluptatem odit accusantium animi ducimus perspiciatis nesciunt. Eum velit ex vero hic quia debitis expedita. Veniam asperiores rerum dolorem non pariatur fuga.',5,'2020-10-21 04:54:09','2020-10-21 04:54:09'),(250,36,'Dr. Oleta Grady','Est laudantium molestias et magnam similique. Quis deleniti ut velit nesciunt perspiciatis dolor porro. Occaecati sequi rerum itaque cupiditate amet excepturi quisquam. Illo fuga ipsam est tempora voluptatibus qui.',2,'2020-10-21 04:54:09','2020-10-21 04:54:09'),(251,72,'Prof. Leland Mann DDS','Repellendus ullam corporis illum reprehenderit consequatur. Ex voluptatem consectetur dignissimos minima maxime fugiat est. Quaerat voluptatibus asperiores et molestiae explicabo esse voluptas. Beatae quasi quidem dolores eos eos. Nostrum iste vel labore nihil doloremque nemo voluptatibus.',1,'2020-10-21 04:54:10','2020-10-21 04:54:10'),(252,88,'Joshuah Jaskolski','Enim hic facilis omnis vero. Eos sunt molestias amet natus quia facilis. Beatae deserunt praesentium voluptatum enim qui. Sit doloribus non nemo molestias.',4,'2020-10-21 04:54:10','2020-10-21 04:54:10'),(253,36,'Jasmin Oberbrunner','Sequi qui ut sit voluptatem. Qui ut quo nesciunt in tempora nam enim. Possimus ex ut tempore laborum ad ab ut voluptas. Minima animi dolores possimus quis sed sint.',0,'2020-10-21 04:54:10','2020-10-21 04:54:10'),(254,77,'Nelson Rolfson DVM','Est nam iure ullam fuga quibusdam. Consequatur reprehenderit cum quia illum explicabo enim sit omnis. Cum quas voluptatibus et velit qui et dolores.',0,'2020-10-21 04:54:10','2020-10-21 04:54:10'),(255,51,'Grady Klocko','Ipsa illum necessitatibus laudantium. Quaerat quia soluta sunt rerum culpa aliquid commodi. Omnis harum consequuntur sit qui asperiores. Qui adipisci similique vel et. Odit dignissimos sit nihil sed.',4,'2020-10-21 04:54:11','2020-10-21 04:54:11'),(256,5,'Elsa Schuster','Repudiandae fugiat corporis iste aut. Rerum facilis ad laudantium et temporibus incidunt nisi. Aspernatur exercitationem amet magni nisi omnis minima ratione. Incidunt illo cupiditate quia voluptate fugit non.',0,'2020-10-21 04:54:11','2020-10-21 04:54:11'),(257,90,'Audreanne Willms','Quaerat aut voluptatem molestias quia alias. Id nihil enim consequatur et. Dolores est magnam et voluptatem voluptates in est necessitatibus. Voluptatem magnam cumque omnis velit.',1,'2020-10-21 04:54:11','2020-10-21 04:54:11'),(258,72,'Lyric Goldner','Quaerat cumque est optio atque. Minus illo est et minus neque iusto rerum. At laboriosam doloremque rem dolorem vel voluptatum excepturi.',3,'2020-10-21 04:54:11','2020-10-21 04:54:11'),(259,92,'Regan Hilpert IV','Explicabo quia illum blanditiis ducimus possimus rerum. Corrupti itaque ad cumque est molestias eos necessitatibus. Excepturi nobis recusandae dolore reiciendis eum. Eius nemo praesentium rem illum qui.',4,'2020-10-21 04:54:11','2020-10-21 04:54:11'),(260,83,'Ms. Nadia Erdman V','Est nulla rerum natus fugiat doloremque non. Consequatur impedit sequi dolor qui. Officia quis sed ducimus et earum.',4,'2020-10-21 04:54:11','2020-10-21 04:54:11'),(261,51,'Andrew Wolff','Totam ut ea qui adipisci odio quia. Eaque illum harum ut magni. Qui dolores blanditiis quis. Dolores eius corporis eius vel illo cupiditate.',2,'2020-10-21 04:54:11','2020-10-21 04:54:11'),(262,9,'Mr. Eino Lubowitz IV','Quis asperiores aspernatur autem expedita. Dolores sed quam omnis quasi repudiandae. Impedit vero voluptatem commodi in harum veniam. Quia sit necessitatibus ut laudantium molestiae veritatis in.',3,'2020-10-21 04:54:11','2020-10-21 04:54:11'),(263,73,'Prof. Katelynn Ortiz','Et alias ad repudiandae tenetur vero. Fugit ut dolor esse fugit laboriosam quia necessitatibus. Eaque molestiae voluptas aut ipsa non qui soluta et.',0,'2020-10-21 04:54:11','2020-10-21 04:54:11'),(264,23,'Mozell Green','Et earum soluta sed est nisi. Non commodi fugit sit. Ullam tenetur aliquid et.',2,'2020-10-21 04:54:11','2020-10-21 04:54:11'),(265,91,'Prof. Maximillian Brekke II','Vel id labore soluta cupiditate. Aperiam at nihil nobis repudiandae consectetur numquam necessitatibus vel. Beatae officiis ipsa fugit dignissimos deserunt. Fuga consequatur molestias sit ut tenetur et.',4,'2020-10-21 04:54:12','2020-10-21 04:54:12'),(266,4,'Norma Gerlach','Enim quo dolorem officia repellat nostrum doloremque aut. Et aspernatur corrupti ut provident. Debitis soluta non itaque et illum. Sed quia expedita voluptatum omnis corporis quia. Esse voluptatem rerum esse ut autem.',1,'2020-10-21 04:54:12','2020-10-21 04:54:12'),(267,36,'Cesar Huel','Eaque animi omnis quod veritatis. Et rerum quos sunt quia repudiandae iusto. Quibusdam possimus omnis id nesciunt quibusdam quia.',4,'2020-10-21 04:54:12','2020-10-21 04:54:12'),(268,68,'Dr. Gianni Bradtke Sr.','Ullam in sunt magni voluptatum ipsum. Quo ipsum perferendis id quis provident quis libero.',3,'2020-10-21 04:54:12','2020-10-21 04:54:12'),(269,8,'Alek D\'Amore','Quos quisquam sed voluptatem sed aspernatur dolorum. Eaque et voluptas fugit amet. Nobis dolorem dolor dolor nulla debitis. Molestiae et autem eos. Similique aut optio qui fugiat facilis dolorem ut.',3,'2020-10-21 04:54:12','2020-10-21 04:54:12'),(270,93,'Maybelle Sawayn','Ad facere dolorum incidunt perferendis. Sed repellat eveniet et id voluptatem eos et quaerat. Nobis dolore unde et ut repellat magni.',2,'2020-10-21 04:54:12','2020-10-21 04:54:12'),(271,56,'Jermain Ortiz','Dolores unde pariatur ullam ut rerum perferendis. Et doloremque aut aut sed et exercitationem autem provident. Laboriosam sapiente rerum dolor sequi totam. Libero enim vel minus eaque consequatur dicta dicta.',1,'2020-10-21 04:54:12','2020-10-21 04:54:12'),(272,30,'Naomi Johns','Omnis maiores pariatur nobis laudantium quasi ipsum. Consequatur vel voluptatibus ut possimus odit voluptatem iusto. Accusantium consequatur pariatur repellat fuga et est facere. Omnis quidem consectetur sed molestias reprehenderit necessitatibus at.',1,'2020-10-21 04:54:13','2020-10-21 04:54:13'),(273,31,'Yvette Blick','Facilis eos ut et ad itaque quia nulla. Consectetur ducimus voluptatem rerum tempore amet voluptas est. Sed quod id est officia ut labore.',1,'2020-10-21 04:54:13','2020-10-21 04:54:13'),(274,87,'Mr. Christophe Wolff Jr.','Officiis et est ipsam voluptatem dolores doloremque placeat nobis. Culpa corrupti quis voluptatem cum odit fugit. Veritatis corporis facere tempora corrupti voluptas. Mollitia totam ipsum voluptatem doloribus.',0,'2020-10-21 04:54:13','2020-10-21 04:54:13'),(275,30,'Dr. Antone Jaskolski','Vitae quo a quae commodi. Assumenda deleniti modi magnam.',2,'2020-10-21 04:54:13','2020-10-21 04:54:13'),(276,96,'Ms. Zora Beer I','Aperiam totam illum inventore necessitatibus sit aliquid. Deleniti eos dicta dolor doloribus cum perferendis voluptatem. Aut excepturi odit qui illo reprehenderit perferendis. Non sit dolorem sit.',1,'2020-10-21 04:54:13','2020-10-21 04:54:13'),(277,92,'Prof. Orlo Nolan','Qui fugit quas sed in voluptatibus. Et qui recusandae quod dolores dolorem odio. Voluptas excepturi odio omnis quibusdam. Sit id id explicabo.',1,'2020-10-21 04:54:13','2020-10-21 04:54:13'),(278,34,'Prof. Kiara Kuhlman DDS','Consectetur quidem quos architecto ab aspernatur unde in. Quam quis distinctio consequatur saepe itaque. Doloribus eaque quis aut quas quis sunt impedit.',0,'2020-10-21 04:54:13','2020-10-21 04:54:13'),(279,44,'Carrie Grady','Officiis ut sit ab nihil nihil deleniti qui. Consequatur cumque similique optio quaerat laborum alias.',1,'2020-10-21 04:54:13','2020-10-21 04:54:13'),(280,43,'Estella Howell','Illum quis ex aut illo. Eum recusandae accusamus quia eveniet optio. Veritatis aut et dolore rerum ut.',2,'2020-10-21 04:54:14','2020-10-21 04:54:14'),(281,70,'Mrs. Whitney Considine','Nostrum sed recusandae omnis exercitationem fuga quos voluptate. Dicta neque libero id asperiores id assumenda aspernatur et. Ut eum sunt ut sapiente quia. Dolor omnis tempora quo velit est aut.',4,'2020-10-21 04:54:14','2020-10-21 04:54:14'),(282,77,'Jameson Bergstrom','Et atque architecto dignissimos iste aut nihil quo. Adipisci sunt dignissimos sint maxime et odit facere. Sed eaque ut expedita quis ad culpa. In debitis est quisquam eveniet harum.',3,'2020-10-21 04:54:15','2020-10-21 04:54:15'),(283,76,'Camilla Metz','Consequatur vel nemo id veniam. Eligendi nisi quis similique atque. Nobis in cum ducimus sunt quaerat eum qui. Velit numquam pariatur consequatur fugit corporis. Doloribus nihil qui qui nihil aliquam atque.',4,'2020-10-21 04:54:15','2020-10-21 04:54:15'),(284,12,'Abe Turner','Dolorem odit rerum est. Qui minus dolores quo dicta nulla debitis. Odio corrupti fuga saepe sint dolores. Non quae ipsam tenetur.',3,'2020-10-21 04:54:15','2020-10-21 04:54:15'),(285,44,'Nova Torp','Et ullam voluptatem voluptatum. Doloribus id quos voluptas consequatur ullam id.',2,'2020-10-21 04:54:15','2020-10-21 04:54:15'),(286,48,'Prof. Helmer Wisoky','Corporis dolorem ut necessitatibus quia omnis quia perferendis ullam. Quia voluptatem suscipit dicta ad maxime totam ut.',1,'2020-10-21 04:54:15','2020-10-21 04:54:15'),(287,36,'Stella Kunze','Corporis labore corporis atque cupiditate ad. Explicabo ut consequatur tenetur neque vero. Voluptatibus ea necessitatibus illo in dolorum aliquid. Error et ea dolores voluptas est aut eveniet.',5,'2020-10-21 04:54:15','2020-10-21 04:54:15'),(288,16,'Prof. Raul Zulauf Sr.','Iusto quae natus voluptatem quam aut tempore cum exercitationem. Laborum alias dolor deleniti dolores illum sed aut. Minus id qui voluptates quas ex id dolorem. Qui molestias ab voluptatem necessitatibus maiores.',3,'2020-10-21 04:54:15','2020-10-21 04:54:15'),(289,18,'Arlie O\'Kon','Repellat ducimus saepe sint ipsa odio. Voluptatem doloribus reiciendis rerum quo. Nam veniam iusto vel id et. Ratione eos eligendi aut dicta a.',2,'2020-10-21 04:54:16','2020-10-21 04:54:16'),(290,18,'Mr. Deven Gleason I','Hic numquam et asperiores sunt. Cum voluptatum minima reprehenderit ipsum iste odio. Doloremque dolores vero aperiam odit eos. Optio suscipit aut aut rerum.',5,'2020-10-21 04:54:16','2020-10-21 04:54:16'),(291,42,'Prof. Clovis O\'Kon','Esse consequuntur voluptas exercitationem laborum et itaque et. Molestiae incidunt consectetur nesciunt velit qui placeat iste. Excepturi accusamus nihil earum ducimus nemo. Animi laborum adipisci et nesciunt non quidem labore.',3,'2020-10-21 04:54:16','2020-10-21 04:54:16'),(292,86,'Yessenia Balistreri','Assumenda dolorem cumque magni magni dicta odit. Quibusdam debitis nesciunt et doloremque. Iure dignissimos possimus dolores dolor error ad laborum quis. Sed fugit quod libero in.',1,'2020-10-21 04:54:16','2020-10-21 04:54:16'),(293,46,'Mr. Gaston Crist','Ratione quisquam velit quo. Quisquam ad sapiente atque qui nam dolor voluptatem. Asperiores eos voluptatem ipsum enim. Qui voluptatum optio quia excepturi nulla quia. Qui quaerat quas aut magnam dolorem.',0,'2020-10-21 04:54:16','2020-10-21 04:54:16'),(294,5,'Jennifer Waters','Consequatur veritatis quam rerum deserunt accusantium nisi ex. Quia qui et est temporibus tempore qui ex dolor. Ut qui consequatur culpa quaerat est enim. Saepe repudiandae iste voluptas sequi culpa.',3,'2020-10-21 04:54:16','2020-10-21 04:54:16'),(295,36,'Lina Wyman','Repellendus doloremque ipsam repellendus illum ut distinctio. Quia excepturi quisquam officia ut iure amet nisi officiis. Et molestias reiciendis aperiam ut.',3,'2020-10-21 04:54:16','2020-10-21 04:54:16'),(296,7,'Ms. Dianna Walsh III','Fugiat consectetur libero exercitationem sint omnis modi qui. Aliquam sit voluptatem numquam eveniet.',4,'2020-10-21 04:54:16','2020-10-21 04:54:16'),(297,50,'Dr. Keshaun Koelpin','Impedit deserunt vel minima consequatur. Facere aliquid ipsam quod et. Earum expedita velit id necessitatibus animi impedit dolorum veritatis.',5,'2020-10-21 04:54:16','2020-10-21 04:54:16'),(298,94,'Leland Dooley','Corporis eum voluptatem quia est veniam. Dolor ratione incidunt cum dolorem. Voluptate enim necessitatibus nemo.',4,'2020-10-21 04:54:17','2020-10-21 04:54:17'),(299,83,'Carolyn Stark','Natus et ad fugiat. Cum ullam vitae deserunt velit. Rerum consectetur eaque exercitationem harum commodi.',5,'2020-10-21 04:54:17','2020-10-21 04:54:17'),(300,58,'Norma Stokes','Est enim vero sit numquam. Sequi ducimus omnis aut perferendis dolores facere. Sint blanditiis iusto impedit laboriosam provident molestias. Esse necessitatibus accusantium natus quaerat et.',2,'2020-10-21 04:54:17','2020-10-21 04:54:17');
/*!40000 ALTER TABLE `reviews` ENABLE KEYS */;
UNLOCK TABLES;

--
-- Table structure for table `users`
--

DROP TABLE IF EXISTS `users`;
/*!40101 SET @saved_cs_client     = @@character_set_client */;
/*!40101 SET character_set_client = utf8 */;
CREATE TABLE `users` (
  `id` bigint(20) unsigned NOT NULL AUTO_INCREMENT,
  `name` varchar(255) COLLATE utf8mb4_unicode_ci NOT NULL,
  `email` varchar(255) COLLATE utf8mb4_unicode_ci NOT NULL,
  `email_verified_at` timestamp NULL DEFAULT NULL,
  `password` varchar(255) COLLATE utf8mb4_unicode_ci NOT NULL,
  `remember_token` varchar(100) COLLATE utf8mb4_unicode_ci DEFAULT NULL,
  `created_at` timestamp NULL DEFAULT NULL,
  `updated_at` timestamp NULL DEFAULT NULL,
  PRIMARY KEY (`id`),
  UNIQUE KEY `users_email_unique` (`email`)
) ENGINE=InnoDB DEFAULT CHARSET=utf8mb4 COLLATE=utf8mb4_unicode_ci;
/*!40101 SET character_set_client = @saved_cs_client */;

--
-- Dumping data for table `users`
--

LOCK TABLES `users` WRITE;
/*!40000 ALTER TABLE `users` DISABLE KEYS */;
/*!40000 ALTER TABLE `users` ENABLE KEYS */;
UNLOCK TABLES;
/*!40103 SET TIME_ZONE=@OLD_TIME_ZONE */;

/*!40101 SET SQL_MODE=@OLD_SQL_MODE */;
/*!40014 SET FOREIGN_KEY_CHECKS=@OLD_FOREIGN_KEY_CHECKS */;
/*!40014 SET UNIQUE_CHECKS=@OLD_UNIQUE_CHECKS */;
/*!40101 SET CHARACTER_SET_CLIENT=@OLD_CHARACTER_SET_CLIENT */;
/*!40101 SET CHARACTER_SET_RESULTS=@OLD_CHARACTER_SET_RESULTS */;
/*!40101 SET COLLATION_CONNECTION=@OLD_COLLATION_CONNECTION */;
/*!40111 SET SQL_NOTES=@OLD_SQL_NOTES */;

-- Dump completed on 2020-10-21 18:57:23
